Using pre-set license
Built from '2021.3/staging' branch; Version is '2021.3.3f1 (af2e63e8f9bd) revision 11480675'; Using compiler version '192829333'; Build Type 'Release'
OS: 'Windows 10  (10.0.19045) 64bit Education' Language: 'en' Physical Memory: 32710 MB
BatchMode: 1, IsHumanControllingUs: 0, StartBugReporterOnCrash: 0, Is64bit: 1, IsPro: 1

COMMAND LINE ARGUMENTS:
C:\Program Files\Unity\Hub\Editor\2021.3.3f1\Editor\Unity.exe
-adb2
-batchMode
-noUpm
-name
AssetImportWorker1
-projectPath
C:/Users/maddy/Documents/Unity Projects/Art-of-Combat/Slider_Beat
-logFile
Logs/AssetImportWorker1.log
-srvPort
63490
Successfully changed project path to: C:/Users/maddy/Documents/Unity Projects/Art-of-Combat/Slider_Beat
C:/Users/maddy/Documents/Unity Projects/Art-of-Combat/Slider_Beat
[UnityMemory] Configuration Parameters - Can be set up in boot.config
    "memorysetup-bucket-allocator-granularity=16"
    "memorysetup-bucket-allocator-bucket-count=8"
    "memorysetup-bucket-allocator-block-size=33554432"
    "memorysetup-bucket-allocator-block-count=8"
    "memorysetup-main-allocator-block-size=16777216"
    "memorysetup-thread-allocator-block-size=16777216"
    "memorysetup-gfx-main-allocator-block-size=16777216"
    "memorysetup-gfx-thread-allocator-block-size=16777216"
    "memorysetup-cache-allocator-block-size=4194304"
    "memorysetup-typetree-allocator-block-size=2097152"
    "memorysetup-profiler-bucket-allocator-granularity=16"
    "memorysetup-profiler-bucket-allocator-bucket-count=8"
    "memorysetup-profiler-bucket-allocator-block-size=33554432"
    "memorysetup-profiler-bucket-allocator-block-count=8"
    "memorysetup-profiler-allocator-block-size=16777216"
    "memorysetup-profiler-editor-allocator-block-size=1048576"
    "memorysetup-temp-allocator-size-main=16777216"
    "memorysetup-job-temp-allocator-block-size=2097152"
    "memorysetup-job-temp-allocator-block-size-background=1048576"
    "memorysetup-job-temp-allocator-reduction-small-platforms=262144"
    "memorysetup-temp-allocator-size-background-worker=32768"
    "memorysetup-temp-allocator-size-job-worker=262144"
    "memorysetup-temp-allocator-size-preload-manager=33554432"
    "memorysetup-temp-allocator-size-nav-mesh-worker=65536"
    "memorysetup-temp-allocator-size-audio-worker=65536"
    "memorysetup-temp-allocator-size-cloud-worker=32768"
    "memorysetup-temp-allocator-size-gi-baking-worker=262144"
    "memorysetup-temp-allocator-size-gfx=262144"
Refreshing native plugins compatible for Editor in 73.67 ms, found 4 plugins.
Preloading 0 native plugins for Editor in 0.00 ms.
Initialize engine version: 2021.3.3f1 (af2e63e8f9bd)
[Subsystems] Discovering subsystems at path C:/Program Files/Unity/Hub/Editor/2021.3.3f1/Editor/Data/Resources/UnitySubsystems
[Subsystems] Discovering subsystems at path C:/Users/maddy/Documents/Unity Projects/Art-of-Combat/Slider_Beat/Assets
GfxDevice: creating device client; threaded=0; jobified=0
Direct3D:
    Version:  Direct3D 11.0 [level 11.1]
    Renderer: NVIDIA GeForce GTX 1660 (ID=0x2184)
    Vendor:   NVIDIA
    VRAM:     5966 MB
    Driver:   32.0.15.6094
Initialize mono
Mono path[0] = 'C:/Program Files/Unity/Hub/Editor/2021.3.3f1/Editor/Data/Managed'
Mono path[1] = 'C:/Program Files/Unity/Hub/Editor/2021.3.3f1/Editor/Data/MonoBleedingEdge/lib/mono/unityjit-win32'
Mono config path = 'C:/Program Files/Unity/Hub/Editor/2021.3.3f1/Editor/Data/MonoBleedingEdge/etc'
Using monoOptions --debugger-agent=transport=dt_socket,embedding=1,server=y,suspend=n,address=127.0.0.1:56284
Begin MonoManager ReloadAssembly
Registering precompiled unity dll's ...
Register platform support module: C:/Program Files/Unity/Hub/Editor/2021.3.3f1/Editor/Data/PlaybackEngines/AndroidPlayer/UnityEditor.Android.Extensions.dll
Register platform support module: C:/Program Files/Unity/Hub/Editor/2021.3.3f1/Editor/Data/PlaybackEngines/WindowsStandaloneSupport/UnityEditor.WindowsStandalone.Extensions.dll
Register platform support module: C:/Program Files/Unity/Hub/Editor/2021.3.3f1/Editor/Data/PlaybackEngines/MetroSupport/UnityEditor.UWP.Extensions.dll
Registered in 0.049541 seconds.
Native extension for UWP target not found
Native extension for WindowsStandalone target not found
Native extension for Android target not found
Refreshing native plugins compatible for Editor in 62.08 ms, found 4 plugins.
Preloading 0 native plugins for Editor in 0.00 ms.
Mono: successfully reloaded assembly
- Completed reload, in  0.975 seconds
Domain Reload Profiling:
	ReloadAssembly (975ms)
		BeginReloadAssembly (160ms)
			ExecutionOrderSort (0ms)
			DisableScriptedObjects (0ms)
			BackupInstance (0ms)
			ReleaseScriptingObjects (0ms)
			CreateAndSetChildDomain (1ms)
		EndReloadAssembly (592ms)
			LoadAssemblies (150ms)
			RebuildTransferFunctionScriptingTraits (0ms)
			SetupTypeCache (157ms)
			ReleaseScriptCaches (0ms)
			RebuildScriptCaches (30ms)
			SetupLoadedEditorAssemblies (318ms)
				LogAssemblyErrors (0ms)
				InitializePlatformSupportModulesInManaged (88ms)
				SetLoadedEditorAssemblies (0ms)
				RefreshPlugins (62ms)
				BeforeProcessingInitializeOnLoad (2ms)
				ProcessInitializeOnLoadAttributes (108ms)
				ProcessInitializeOnLoadMethodAttributes (59ms)
				AfterProcessingInitializeOnLoad (0ms)
				EditorAssembliesLoaded (0ms)
			ExecutionOrderSort2 (0ms)
			AwakeInstancesAfterBackupRestoration (0ms)
Platform modules already initialized, skipping
Registering precompiled user dll's ...
Registered in 0.022018 seconds.
Begin MonoManager ReloadAssembly
Native extension for UWP target not found
Native extension for WindowsStandalone target not found
Native extension for Android target not found
Refreshing native plugins compatible for Editor in 65.23 ms, found 4 plugins.
Preloading 0 native plugins for Editor in 0.00 ms.
Mono: successfully reloaded assembly
- Completed reload, in  1.991 seconds
Domain Reload Profiling:
	ReloadAssembly (1992ms)
		BeginReloadAssembly (307ms)
			ExecutionOrderSort (0ms)
			DisableScriptedObjects (7ms)
			BackupInstance (0ms)
			ReleaseScriptingObjects (0ms)
			CreateAndSetChildDomain (125ms)
		EndReloadAssembly (1484ms)
			LoadAssemblies (213ms)
			RebuildTransferFunctionScriptingTraits (0ms)
			SetupTypeCache (327ms)
			ReleaseScriptCaches (1ms)
			RebuildScriptCaches (68ms)
			SetupLoadedEditorAssemblies (834ms)
				LogAssemblyErrors (0ms)
				InitializePlatformSupportModulesInManaged (37ms)
				SetLoadedEditorAssemblies (0ms)
				RefreshPlugins (65ms)
				BeforeProcessingInitializeOnLoad (176ms)
				ProcessInitializeOnLoadAttributes (476ms)
				ProcessInitializeOnLoadMethodAttributes (37ms)
				AfterProcessingInitializeOnLoad (41ms)
				EditorAssembliesLoaded (0ms)
			ExecutionOrderSort2 (0ms)
			AwakeInstancesAfterBackupRestoration (14ms)
Platform modules already initialized, skipping
========================================================================
Worker process is ready to serve import requests
Launched and connected shader compiler UnityShaderCompiler.exe after 0.06 seconds
Refreshing native plugins compatible for Editor in 0.73 ms, found 4 plugins.
Preloading 0 native plugins for Editor in 0.00 ms.
Unloading 3317 Unused Serialized files (Serialized files now loaded: 0)
Unloading 69 unused Assets / (1.7 MB). Loaded Objects now: 3777.
Memory consumption went from 154.3 MB to 152.6 MB.
Total: 3.629100 ms (FindLiveObjects: 0.310800 ms CreateObjectMapping: 0.218200 ms MarkObjects: 2.680700 ms  DeleteObjects: 0.418400 ms)

AssetImportParameters requested are different than current active one (requested -> active):
  custom:video-decoder-ogg-theora: a1e56fd34408186e4bbccfd4996cb3dc -> 
  custom:container-muxer-webm: aa71ff27fc2769a1b78a27578f13a17b -> 
  custom:container-demuxer-webm: 4f35f7cbe854078d1ac9338744f61a02 -> 
  custom:video-encoder-webm-vp8: eb34c28f22e8b96e1ab97ce403110664 -> 
  custom:audio-encoder-webm-vorbis: bf7c407c2cedff20999df2af8eb42d56 -> 
  custom:framework-win-MediaFoundation: 216162199b28c13a410421893ffa2e32 -> 
  custom:container-demuxer-ogg: 62fdf1f143b41e24485cea50d1cbac27 -> 
  custom:video-decoder-webm-vp8: 9c59270c3fd7afecdb556c50c9e8de78 -> 
  custom:audio-decoder-ogg-vorbis: bf7c407c2cedff20999df2af8eb42d56 -> 
========================================================================
Received Prepare
Registering precompiled user dll's ...
Registered in 0.018224 seconds.
Begin MonoManager ReloadAssembly
Native extension for UWP target not found
Native extension for WindowsStandalone target not found
Native extension for Android target not found
Refreshing native plugins compatible for Editor in 0.73 ms, found 4 plugins.
Preloading 0 native plugins for Editor in 0.00 ms.
Error saving file Library/StateCache/LayerSettings/9e/9ecc5c3c162a7aba29bafa64c8b94b7c.json. Error: System.IO.IOException: Sharing violation on path C:\Users\maddy\Documents\Unity Projects\Art-of-Combat\Slider_Beat\Library\StateCache\LayerSettings\9e\9ecc5c3c162a7aba29bafa64c8b94b7c.json
  at System.IO.FileStream..ctor (System.String path, System.IO.FileMode mode, System.IO.FileAccess access, System.IO.FileShare share, System.Int32 bufferSize, System.Boolean anonymous, System.IO.FileOptions options) [0x0019e] in <6073cf49ed704e958b8a66d540dea948>:0 
  at System.IO.FileStream..ctor (System.String path, System.IO.FileMode mode, System.IO.FileAccess access, System.IO.FileShare share, System.Int32 bufferSize, System.IO.FileOptions options) [0x00000] in <6073cf49ed704e958b8a66d540dea948>:0 
  at (wrapper remoting-invoke-with-check) System.IO.FileStream..ctor(string,System.IO.FileMode,System.IO.FileAccess,System.IO.FileShare,int,System.IO.FileOptions)
  at System.IO.StreamWriter..ctor (System.String path, System.Boolean append, System.Text.Encoding encoding, System.Int32 bufferSize) [0x00055] in <6073cf49ed704e958b8a66d540dea948>:0 
  at System.IO.StreamWriter..ctor (System.String path, System.Boolean append, System.Text.Encoding encoding) [0x00000] in <6073cf49ed704e958b8a66d540dea948>:0 
  at (wrapper remoting-invoke-with-check) System.IO.StreamWriter..ctor(string,bool,System.Text.Encoding)
  at System.IO.File.WriteAllText (System.String path, System.String contents, System.Text.Encoding encoding) [0x00034] in <6073cf49ed704e958b8a66d540dea948>:0 
  at UnityEditor.StateCache`1[T].SetState (UnityEngine.Hash128 key, T obj) [0x0004b] in <31b86d204baf45de8328f2d1261a79f7>:0 
UnityEngine.StackTraceUtility:ExtractStackTrace ()
UnityEngine.DebugLogHandler:LogFormat (UnityEngine.LogType,UnityEngine.Object,string,object[])
UnityEngine.Logger:Log (UnityEngine.LogType,object)
UnityEngine.Debug:LogError (object)
UnityEditor.StateCache`1<UnityEditor.Tools/LayerSettings>:SetState (UnityEngine.Hash128,UnityEditor.Tools/LayerSettings)
UnityEditor.Tools:set_lockedLayers (int)
UnityEditor.Tools:OnEnable ()

Mono: successfully reloaded assembly
- Completed reload, in  1.804 seconds
Domain Reload Profiling:
	ReloadAssembly (1805ms)
		BeginReloadAssembly (242ms)
			ExecutionOrderSort (0ms)
			DisableScriptedObjects (5ms)
			BackupInstance (0ms)
			ReleaseScriptingObjects (0ms)
			CreateAndSetChildDomain (40ms)
		EndReloadAssembly (1379ms)
			LoadAssemblies (214ms)
			RebuildTransferFunctionScriptingTraits (0ms)
			SetupTypeCache (320ms)
			ReleaseScriptCaches (1ms)
			RebuildScriptCaches (61ms)
			SetupLoadedEditorAssemblies (739ms)
				LogAssemblyErrors (0ms)
				InitializePlatformSupportModulesInManaged (45ms)
				SetLoadedEditorAssemblies (0ms)
				RefreshPlugins (1ms)
				BeforeProcessingInitializeOnLoad (175ms)
				ProcessInitializeOnLoadAttributes (442ms)
				ProcessInitializeOnLoadMethodAttributes (35ms)
				AfterProcessingInitializeOnLoad (41ms)
				EditorAssembliesLoaded (0ms)
			ExecutionOrderSort2 (0ms)
			AwakeInstancesAfterBackupRestoration (24ms)
Platform modules already initialized, skipping
Refreshing native plugins compatible for Editor in 6.25 ms, found 4 plugins.
Preloading 0 native plugins for Editor in 0.00 ms.
Unloading 3236 Unused Serialized files (Serialized files now loaded: 0)
Unloading 38 unused Assets / (1.6 MB). Loaded Objects now: 3793.
Memory consumption went from 146.6 MB to 145.0 MB.
Total: 3.355800 ms (FindLiveObjects: 0.335200 ms CreateObjectMapping: 0.197200 ms MarkObjects: 2.453400 ms  DeleteObjects: 0.369000 ms)

AssetImportParameters requested are different than current active one (requested -> active):
  custom:video-decoder-ogg-theora: a1e56fd34408186e4bbccfd4996cb3dc -> 
  custom:container-muxer-webm: aa71ff27fc2769a1b78a27578f13a17b -> 
  custom:container-demuxer-webm: 4f35f7cbe854078d1ac9338744f61a02 -> 
  custom:video-encoder-webm-vp8: eb34c28f22e8b96e1ab97ce403110664 -> 
  custom:audio-encoder-webm-vorbis: bf7c407c2cedff20999df2af8eb42d56 -> 
  custom:framework-win-MediaFoundation: 216162199b28c13a410421893ffa2e32 -> 
  custom:container-demuxer-ogg: 62fdf1f143b41e24485cea50d1cbac27 -> 
  custom:video-decoder-webm-vp8: 9c59270c3fd7afecdb556c50c9e8de78 -> 
  custom:audio-decoder-ogg-vorbis: bf7c407c2cedff20999df2af8eb42d56 -> 
========================================================================
Received Prepare
Registering precompiled user dll's ...
Registered in 0.019991 seconds.
Begin MonoManager ReloadAssembly
Native extension for UWP target not found
Native extension for WindowsStandalone target not found
Native extension for Android target not found
Refreshing native plugins compatible for Editor in 0.75 ms, found 4 plugins.
Preloading 0 native plugins for Editor in 0.00 ms.
Mono: successfully reloaded assembly
- Completed reload, in  1.725 seconds
Domain Reload Profiling:
	ReloadAssembly (1726ms)
		BeginReloadAssembly (245ms)
			ExecutionOrderSort (0ms)
			DisableScriptedObjects (7ms)
			BackupInstance (0ms)
			ReleaseScriptingObjects (0ms)
			CreateAndSetChildDomain (38ms)
		EndReloadAssembly (1307ms)
			LoadAssemblies (212ms)
			RebuildTransferFunctionScriptingTraits (0ms)
			SetupTypeCache (309ms)
			ReleaseScriptCaches (2ms)
			RebuildScriptCaches (57ms)
			SetupLoadedEditorAssemblies (706ms)
				LogAssemblyErrors (0ms)
				InitializePlatformSupportModulesInManaged (46ms)
				SetLoadedEditorAssemblies (1ms)
				RefreshPlugins (1ms)
				BeforeProcessingInitializeOnLoad (164ms)
				ProcessInitializeOnLoadAttributes (423ms)
				ProcessInitializeOnLoadMethodAttributes (33ms)
				AfterProcessingInitializeOnLoad (38ms)
				EditorAssembliesLoaded (0ms)
			ExecutionOrderSort2 (0ms)
			AwakeInstancesAfterBackupRestoration (15ms)
Platform modules already initialized, skipping
Refreshing native plugins compatible for Editor in 6.47 ms, found 4 plugins.
Preloading 0 native plugins for Editor in 0.00 ms.
Unloading 3236 Unused Serialized files (Serialized files now loaded: 0)
Unloading 38 unused Assets / (1.6 MB). Loaded Objects now: 3809.
Memory consumption went from 146.7 MB to 145.0 MB.
Total: 3.683700 ms (FindLiveObjects: 0.287100 ms CreateObjectMapping: 0.179000 ms MarkObjects: 2.837500 ms  DeleteObjects: 0.378700 ms)

AssetImportParameters requested are different than current active one (requested -> active):
  custom:video-decoder-ogg-theora: a1e56fd34408186e4bbccfd4996cb3dc -> 
  custom:container-muxer-webm: aa71ff27fc2769a1b78a27578f13a17b -> 
  custom:container-demuxer-webm: 4f35f7cbe854078d1ac9338744f61a02 -> 
  custom:video-encoder-webm-vp8: eb34c28f22e8b96e1ab97ce403110664 -> 
  custom:audio-encoder-webm-vorbis: bf7c407c2cedff20999df2af8eb42d56 -> 
  custom:framework-win-MediaFoundation: 216162199b28c13a410421893ffa2e32 -> 
  custom:container-demuxer-ogg: 62fdf1f143b41e24485cea50d1cbac27 -> 
  custom:video-decoder-webm-vp8: 9c59270c3fd7afecdb556c50c9e8de78 -> 
  custom:audio-decoder-ogg-vorbis: bf7c407c2cedff20999df2af8eb42d56 -> 
========================================================================
Received Import Request.
  Time since last request: 2778.898088 seconds.
  path: Packages/com.unity.2d.animation/Editor/Assets/SkinningModule/Icons/Selected/Parent_Bone@4x.png
  artifactKey: Guid(03b3f669dc5706a4592344c6385af858) Importer(815301076,1909f56bfc062723c751e8b465ee728b)
Start importing Packages/com.unity.2d.animation/Editor/Assets/SkinningModule/Icons/Selected/Parent_Bone@4x.png using Guid(03b3f669dc5706a4592344c6385af858) Importer(815301076,1909f56bfc062723c751e8b465ee728b)  -> (artifact id: '8ce5b406464565198dbd375663d34fe2') in 0.208856 seconds 
========================================================================
Received Import Request.
  Time since last request: 0.000023 seconds.
  path: Packages/com.unity.2d.animation/Editor/Assets/SkinningModule/Icons/Selected/Paste@2x.png
  artifactKey: Guid(cd0250057a3f07346b60675b355c3e06) Importer(815301076,1909f56bfc062723c751e8b465ee728b)
Start importing Packages/com.unity.2d.animation/Editor/Assets/SkinningModule/Icons/Selected/Paste@2x.png using Guid(cd0250057a3f07346b60675b355c3e06) Importer(815301076,1909f56bfc062723c751e8b465ee728b)  -> (artifact id: 'a69d771c7ab9995fd33840d28c8162b2') in 0.022091 seconds 
========================================================================
Received Import Request.
  Time since last request: 0.000064 seconds.
  path: Packages/com.unity.2d.animation/Editor/Assets/SkinningModule/Icons/Selected/Paste.png
  artifactKey: Guid(50eb3d76f731b5e46a7b8a0a52d93ef9) Importer(815301076,1909f56bfc062723c751e8b465ee728b)
Start importing Packages/com.unity.2d.animation/Editor/Assets/SkinningModule/Icons/Selected/Paste.png using Guid(50eb3d76f731b5e46a7b8a0a52d93ef9) Importer(815301076,1909f56bfc062723c751e8b465ee728b)  -> (artifact id: '76be759851b453241a14b17af88675a4') in 0.020332 seconds 
========================================================================
Received Import Request.
  Time since last request: 0.000025 seconds.
  path: Packages/com.unity.2d.animation/Editor/Assets/SkinningModule/Icons/Light/Paste.png
  artifactKey: Guid(94cc0d3ec6363a94c8802f10ef239744) Importer(815301076,1909f56bfc062723c751e8b465ee728b)
Start importing Packages/com.unity.2d.animation/Editor/Assets/SkinningModule/Icons/Light/Paste.png using Guid(94cc0d3ec6363a94c8802f10ef239744) Importer(815301076,1909f56bfc062723c751e8b465ee728b)  -> (artifact id: 'ef1915cd45eeed9bf218a7b847938d31') in 0.017967 seconds 
========================================================================
Received Import Request.
  Time since last request: 0.000021 seconds.
  path: Packages/com.unity.2d.animation/Editor/Assets/SkinningModule/Icons/Selected/Paste@4x.png
  artifactKey: Guid(5d4fa2fdecdadcb468baaedc792cc439) Importer(815301076,1909f56bfc062723c751e8b465ee728b)
Start importing Packages/com.unity.2d.animation/Editor/Assets/SkinningModule/Icons/Selected/Paste@4x.png using Guid(5d4fa2fdecdadcb468baaedc792cc439) Importer(815301076,1909f56bfc062723c751e8b465ee728b)  -> (artifact id: '879b128f7625815645aa0f29c11b0c9c') in 0.016956 seconds 
========================================================================
Received Import Request.
  Time since last request: 0.000029 seconds.
  path: Packages/com.unity.2d.animation/Editor/Assets/SkinningModule/Icons/Light/Paste@3x.png
  artifactKey: Guid(2b072f285a732f747b9be104aae155b2) Importer(815301076,1909f56bfc062723c751e8b465ee728b)
Start importing Packages/com.unity.2d.animation/Editor/Assets/SkinningModule/Icons/Light/Paste@3x.png using Guid(2b072f285a732f747b9be104aae155b2) Importer(815301076,1909f56bfc062723c751e8b465ee728b)  -> (artifact id: 'e6456aee1a07d41aaaa503718f94f559') in 0.018432 seconds 
========================================================================
Received Import Request.
  Time since last request: 2.500081 seconds.
  path: Assets/Images/Button row/PNG/PurpleButtonPressed.png
  artifactKey: Guid(3427bbcb641450b4fac47357a7d9cf0f) Importer(815301076,1909f56bfc062723c751e8b465ee728b)
Start importing Assets/Images/Button row/PNG/PurpleButtonPressed.png using Guid(3427bbcb641450b4fac47357a7d9cf0f) Importer(815301076,1909f56bfc062723c751e8b465ee728b)  -> (artifact id: 'a3043c7eb97583235db1050101947813') in 0.110662 seconds 
========================================================================
Received Import Request.
  Time since last request: 0.000025 seconds.
  path: Assets/Images/Notes & Hit Effects/RhythmGameGraphics_0000s_0000_Sustained!.png
  artifactKey: Guid(e1661275d9979a24eb2a95ec5bf684cb) Importer(815301076,1909f56bfc062723c751e8b465ee728b)
Start importing Assets/Images/Notes & Hit Effects/RhythmGameGraphics_0000s_0000_Sustained!.png using Guid(e1661275d9979a24eb2a95ec5bf684cb) Importer(815301076,1909f56bfc062723c751e8b465ee728b)  -> (artifact id: 'd23cfeebc549a576e998fb25019c18d2') in 0.054664 seconds 
========================================================================
Received Import Request.
  Time since last request: 0.000033 seconds.
  path: Assets/Images/Button row/RhythmGameGraphics_0000_Layer-12-copy.png
  artifactKey: Guid(13694c25e7911f745bd23e44cabb43f4) Importer(815301076,1909f56bfc062723c751e8b465ee728b)
Start importing Assets/Images/Button row/RhythmGameGraphics_0000_Layer-12-copy.png using Guid(13694c25e7911f745bd23e44cabb43f4) Importer(815301076,1909f56bfc062723c751e8b465ee728b)  -> (artifact id: '55925e3adf6c3ba5bb2e80d8cefc8162') in 0.035430 seconds 
========================================================================
Received Import Request.
  Time since last request: 0.000021 seconds.
  path: Assets/Images/Notes & Hit Effects/RhythmGameGraphics_0000s_0000_Flawless!.png
  artifactKey: Guid(b64ccc315eaba9346b04f88cd9cbda7d) Importer(815301076,1909f56bfc062723c751e8b465ee728b)
Start importing Assets/Images/Notes & Hit Effects/RhythmGameGraphics_0000s_0000_Flawless!.png using Guid(b64ccc315eaba9346b04f88cd9cbda7d) Importer(815301076,1909f56bfc062723c751e8b465ee728b)  -> (artifact id: '878be6bcac76e84af7ef43112071ce76') in 0.044622 seconds 
========================================================================
Received Import Request.
  Time since last request: 0.000027 seconds.
  path: Assets/Images/Button row/PNG/RedSlider.png
  artifactKey: Guid(920cac53f0ef36f448718bb7875ab9a5) Importer(815301076,1909f56bfc062723c751e8b465ee728b)
Start importing Assets/Images/Button row/PNG/RedSlider.png using Guid(920cac53f0ef36f448718bb7875ab9a5) Importer(815301076,1909f56bfc062723c751e8b465ee728b)  -> (artifact id: '31bb107ae1301bff5ea41ce93aae3ec3') in 0.087691 seconds 
========================================================================
Received Import Request.
  Time since last request: 0.035575 seconds.
  path: Assets/Images/Notes & Hit Effects/RhythmGameGraphics_0002s_0000_Layer-4-copy.png
  artifactKey: Guid(f7560d7edeb32274b9a5556cb0cb71e6) Importer(815301076,1909f56bfc062723c751e8b465ee728b)
Start importing Assets/Images/Notes & Hit Effects/RhythmGameGraphics_0002s_0000_Layer-4-copy.png using Guid(f7560d7edeb32274b9a5556cb0cb71e6) Importer(815301076,1909f56bfc062723c751e8b465ee728b)  -> (artifact id: '4bf1646a2958c4df883404618e1025e5') in 0.056052 seconds 
========================================================================
Received Import Request.
  Time since last request: 0.000020 seconds.
  path: Assets/Images/Notes & Hit Effects/RhythmGameGraphics_0002s_0003_Layer-1-copy.png
  artifactKey: Guid(cca6fdba3201af04e8180d16cdeb6a1a) Importer(815301076,1909f56bfc062723c751e8b465ee728b)
Start importing Assets/Images/Notes & Hit Effects/RhythmGameGraphics_0002s_0003_Layer-1-copy.png using Guid(cca6fdba3201af04e8180d16cdeb6a1a) Importer(815301076,1909f56bfc062723c751e8b465ee728b)  -> (artifact id: 'c3a3fa9a2a62460c130ae20d2cb505f0') in 0.051538 seconds 
========================================================================
Received Import Request.
  Time since last request: 3.573693 seconds.
  path: Assets/Images/Button row/RhythmGameGraphics_0002s_0004_Layer-16.png
  artifactKey: Guid(ab783dc218ba6a54cb4ce28079da5bae) Importer(815301076,1909f56bfc062723c751e8b465ee728b)
Start importing Assets/Images/Button row/RhythmGameGraphics_0002s_0004_Layer-16.png using Guid(ab783dc218ba6a54cb4ce28079da5bae) Importer(815301076,1909f56bfc062723c751e8b465ee728b)  -> (artifact id: '9d6ea37907353b5fbdd874b3f4f747c6') in 0.075198 seconds 
========================================================================
Received Import Request.
  Time since last request: 0.000023 seconds.
  path: Assets/Images/Button row/RhythmGameGraphics_0002s_0005_Layer-3.png
  artifactKey: Guid(6b4850c6ae9a53b498f2e6b95ce51d2f) Importer(815301076,1909f56bfc062723c751e8b465ee728b)
Start importing Assets/Images/Button row/RhythmGameGraphics_0002s_0005_Layer-3.png using Guid(6b4850c6ae9a53b498f2e6b95ce51d2f) Importer(815301076,1909f56bfc062723c751e8b465ee728b)  -> (artifact id: '54c85ca3728d07f07be29aa5db681978') in 0.062796 seconds 
========================================================================
Received Import Request.
  Time since last request: 0.000023 seconds.
  path: Assets/Images/Button row/RhythmGameGraphics_0002s_0007_Layer-13.png
  artifactKey: Guid(6e7ed2e2b7e01ef47a3b917f4f234a26) Importer(815301076,1909f56bfc062723c751e8b465ee728b)
Start importing Assets/Images/Button row/RhythmGameGraphics_0002s_0007_Layer-13.png using Guid(6e7ed2e2b7e01ef47a3b917f4f234a26) Importer(815301076,1909f56bfc062723c751e8b465ee728b)  -> (artifact id: '4241d71b1762364b0bf123c8b59fa87e') in 0.059271 seconds 
========================================================================
Received Import Request.
  Time since last request: 0.000027 seconds.
  path: Assets/Images/Button row/RhythmGameGraphics_0002s_0005_Layer-15.png
  artifactKey: Guid(a0e46e0913773d446a8da5869a3f1a19) Importer(815301076,1909f56bfc062723c751e8b465ee728b)
Start importing Assets/Images/Button row/RhythmGameGraphics_0002s_0005_Layer-15.png using Guid(a0e46e0913773d446a8da5869a3f1a19) Importer(815301076,1909f56bfc062723c751e8b465ee728b)  -> (artifact id: '22997989c5198ac10bfdf2c4dd848c81') in 0.073825 seconds 
========================================================================
Received Import Request.
  Time since last request: 0.000032 seconds.
  path: Assets/Images/Button row/RhythmGameGraphics_0002s_0007_Layer-1.png
  artifactKey: Guid(6b1c442410a50924f94b4f9607fe5bd9) Importer(815301076,1909f56bfc062723c751e8b465ee728b)
Start importing Assets/Images/Button row/RhythmGameGraphics_0002s_0007_Layer-1.png using Guid(6b1c442410a50924f94b4f9607fe5bd9) Importer(815301076,1909f56bfc062723c751e8b465ee728b)  -> (artifact id: '4da48753c2bab9f54b4ea5c7f30392fb') in 0.057427 seconds 
========================================================================
Received Import Request.
  Time since last request: 0.000054 seconds.
  path: Packages/com.unity.2d.animation/Editor/Assets/SkinningModule/Icons/Light/Split Bones.png
  artifactKey: Guid(59bc7a7ca0683ac439e255a533670885) Importer(815301076,1909f56bfc062723c751e8b465ee728b)
Start importing Packages/com.unity.2d.animation/Editor/Assets/SkinningModule/Icons/Light/Split Bones.png using Guid(59bc7a7ca0683ac439e255a533670885) Importer(815301076,1909f56bfc062723c751e8b465ee728b)  -> (artifact id: '00b8d466a27426ff778cf3185578b782') in 0.020647 seconds 
========================================================================
Received Import Request.
  Time since last request: 0.000021 seconds.
  path: Assets/Images/Screenshot (621).png
  artifactKey: Guid(dc3fc6a11758d2c49a6038156307912a) Importer(815301076,1909f56bfc062723c751e8b465ee728b)
Start importing Assets/Images/Screenshot (621).png using Guid(dc3fc6a11758d2c49a6038156307912a) Importer(815301076,1909f56bfc062723c751e8b465ee728b)  -> (artifact id: '1c54855d0678a06534bd1f8206340742') in 0.257124 seconds 
========================================================================
Received Import Request.
  Time since last request: 0.000024 seconds.
  path: Packages/com.unity.2d.animation/Editor/Assets/SkinningModule/Icons/Light/Sprite_Mode@2x.png
  artifactKey: Guid(cfe99a1afb609b4488d6fc9224a62f74) Importer(815301076,1909f56bfc062723c751e8b465ee728b)
Start importing Packages/com.unity.2d.animation/Editor/Assets/SkinningModule/Icons/Light/Sprite_Mode@2x.png using Guid(cfe99a1afb609b4488d6fc9224a62f74) Importer(815301076,1909f56bfc062723c751e8b465ee728b)  -> (artifact id: 'a64ac3025b2eab81526d4ded4454abab') in 0.018073 seconds 
========================================================================
Received Import Request.
  Time since last request: 0.000028 seconds.
  path: Packages/com.unity.2d.animation/Editor/Assets/SkinningModule/Icons/Light/Sprite_Mode@3x.png
  artifactKey: Guid(71d8b2e508f1d9947ba51013600a5eac) Importer(815301076,1909f56bfc062723c751e8b465ee728b)
Start importing Packages/com.unity.2d.animation/Editor/Assets/SkinningModule/Icons/Light/Sprite_Mode@3x.png using Guid(71d8b2e508f1d9947ba51013600a5eac) Importer(815301076,1909f56bfc062723c751e8b465ee728b)  -> (artifact id: 'd1a576b4677b55efc5ad240ff3f14903') in 0.014428 seconds 
========================================================================
Received Import Request.
  Time since last request: 0.000019 seconds.
  path: Packages/com.unity.2d.animation/Editor/Assets/SkinningModule/Icons/Selected/Split_Edge@2x.png
  artifactKey: Guid(2f12c9758dad4e34ea8bc886f1fdb0dd) Importer(815301076,1909f56bfc062723c751e8b465ee728b)
Start importing Packages/com.unity.2d.animation/Editor/Assets/SkinningModule/Icons/Selected/Split_Edge@2x.png using Guid(2f12c9758dad4e34ea8bc886f1fdb0dd) Importer(815301076,1909f56bfc062723c751e8b465ee728b)  -> (artifact id: '7f04d1cd49ef65123142e06ca5ec35c5') in 0.016547 seconds 
========================================================================
Received Import Request.
  Time since last request: 0.000023 seconds.
  path: Packages/com.unity.2d.animation/Editor/Assets/SkinningModule/Icons/Light/Split Bones@3x.png
  artifactKey: Guid(6b35476d10ed5614a949de8f7c45b534) Importer(815301076,1909f56bfc062723c751e8b465ee728b)
Start importing Packages/com.unity.2d.animation/Editor/Assets/SkinningModule/Icons/Light/Split Bones@3x.png using Guid(6b35476d10ed5614a949de8f7c45b534) Importer(815301076,1909f56bfc062723c751e8b465ee728b)  -> (artifact id: '35dbca3ac60fa9ef08ae0888bc84ac4f') in 0.017282 seconds 
========================================================================
Received Import Request.
  Time since last request: 0.000023 seconds.
  path: Packages/com.unity.2d.animation/Editor/Assets/SkinningModule/Icons/Selected/Split_Edge@3x.png
  artifactKey: Guid(7764b2bf79a49894e8ea10f3d661a4ed) Importer(815301076,1909f56bfc062723c751e8b465ee728b)
Start importing Packages/com.unity.2d.animation/Editor/Assets/SkinningModule/Icons/Selected/Split_Edge@3x.png using Guid(7764b2bf79a49894e8ea10f3d661a4ed) Importer(815301076,1909f56bfc062723c751e8b465ee728b)  -> (artifact id: '6f58a6c3098dd5f2d44ce52367ab162f') in 0.017409 seconds 
========================================================================
Received Import Request.
  Time since last request: 0.000024 seconds.
  path: Packages/com.unity.2d.animation/Editor/Assets/SkinningModule/Icons/Selected/Sprite_Influence@4x.png
  artifactKey: Guid(e959cb82696cd4dbf9e6b448af425c88) Importer(815301076,1909f56bfc062723c751e8b465ee728b)
Start importing Packages/com.unity.2d.animation/Editor/Assets/SkinningModule/Icons/Selected/Sprite_Influence@4x.png using Guid(e959cb82696cd4dbf9e6b448af425c88) Importer(815301076,1909f56bfc062723c751e8b465ee728b)  -> (artifact id: 'e2746c9c5efe6ca076dc01d6c140f494') in 0.016229 seconds 
========================================================================
Received Import Request.
  Time since last request: 0.000021 seconds.
  path: Packages/com.unity.2d.animation/Editor/Assets/SkinningModule/Icons/Light/Split_Edge.png
  artifactKey: Guid(900065f34a33d2e478bf93a0191f68de) Importer(815301076,1909f56bfc062723c751e8b465ee728b)
Start importing Packages/com.unity.2d.animation/Editor/Assets/SkinningModule/Icons/Light/Split_Edge.png using Guid(900065f34a33d2e478bf93a0191f68de) Importer(815301076,1909f56bfc062723c751e8b465ee728b)  -> (artifact id: '4ddf7263d1edced9b44f7b121c792c9d') in 0.016283 seconds 
========================================================================
Received Import Request.
  Time since last request: 0.000031 seconds.
  path: Packages/com.unity.2d.animation/Editor/Assets/SkinningModule/Icons/Light/Sprite_Influence@2x.png
  artifactKey: Guid(8169b95b76b504e3b8dc9ccf0bdbe226) Importer(815301076,1909f56bfc062723c751e8b465ee728b)
Start importing Packages/com.unity.2d.animation/Editor/Assets/SkinningModule/Icons/Light/Sprite_Influence@2x.png using Guid(8169b95b76b504e3b8dc9ccf0bdbe226) Importer(815301076,1909f56bfc062723c751e8b465ee728b)  -> (artifact id: '62135177cded6abee60bb1e60e64f166') in 0.016614 seconds 
========================================================================
Received Import Request.
  Time since last request: 0.000022 seconds.
  path: Packages/com.unity.2d.animation/Editor/Assets/SkinningModule/Icons/Light/Sprite_Influence.png
  artifactKey: Guid(768531f76566d4b18bfe4ed7b21e5ce1) Importer(815301076,1909f56bfc062723c751e8b465ee728b)
Start importing Packages/com.unity.2d.animation/Editor/Assets/SkinningModule/Icons/Light/Sprite_Influence.png using Guid(768531f76566d4b18bfe4ed7b21e5ce1) Importer(815301076,1909f56bfc062723c751e8b465ee728b)  -> (artifact id: '19c3da607e4d97b00b777957cc62a26d') in 0.015984 seconds 
========================================================================
Received Import Request.
  Time since last request: 0.000033 seconds.
  path: Assets/Images/Button row/PNG/SliderKnob.png
  artifactKey: Guid(991feac771abd9b4d833dbd10adf3257) Importer(815301076,1909f56bfc062723c751e8b465ee728b)
Start importing Assets/Images/Button row/PNG/SliderKnob.png using Guid(991feac771abd9b4d833dbd10adf3257) Importer(815301076,1909f56bfc062723c751e8b465ee728b)  -> (artifact id: '0a4f472288a2f7590fa51e7f3c4219d7') in 0.086273 seconds 
========================================================================
Received Import Request.
  Time since last request: 0.000026 seconds.
  path: Packages/com.unity.2d.animation/Editor/Assets/SkinningModule/Icons/Selected/Split_Edge@4x.png
  artifactKey: Guid(8272ea7c59da847458432e7c88bf7766) Importer(815301076,1909f56bfc062723c751e8b465ee728b)
Start importing Packages/com.unity.2d.animation/Editor/Assets/SkinningModule/Icons/Selected/Split_Edge@4x.png using Guid(8272ea7c59da847458432e7c88bf7766) Importer(815301076,1909f56bfc062723c751e8b465ee728b)  -> (artifact id: 'ca3c1595ac58914d26bd1bdfd4488b49') in 0.015229 seconds 
========================================================================
Received Import Request.
  Time since last request: 4.116065 seconds.
  path: Packages/com.unity.2d.animation/Editor/Assets/SkinningModule/Icons/Light/Mesh@2x.png
  artifactKey: Guid(242f58a86f3ee8e418809e5fc269d531) Importer(815301076,1909f56bfc062723c751e8b465ee728b)
Start importing Packages/com.unity.2d.animation/Editor/Assets/SkinningModule/Icons/Light/Mesh@2x.png using Guid(242f58a86f3ee8e418809e5fc269d531) Importer(815301076,1909f56bfc062723c751e8b465ee728b)  -> (artifact id: '748efe8c60e4306a4e6c828bb413ad50') in 0.017198 seconds 
========================================================================
Received Import Request.
  Time since last request: 0.000018 seconds.
  path: Assets/Images/Button row/PNG/OrangeButtonPressed.png
  artifactKey: Guid(390a02238c592494aa3b23c5df74516d) Importer(815301076,1909f56bfc062723c751e8b465ee728b)
Start importing Assets/Images/Button row/PNG/OrangeButtonPressed.png using Guid(390a02238c592494aa3b23c5df74516d) Importer(815301076,1909f56bfc062723c751e8b465ee728b)  -> (artifact id: '76d3d9eb9121ea929c369d931e4bf2fe') in 0.065652 seconds 
========================================================================
Received Import Request.
  Time since last request: 0.000018 seconds.
  path: Assets/Images/image_2315.png
  artifactKey: Guid(a03e6d43610f55445b6d2a6cedb9c5c9) Importer(815301076,1909f56bfc062723c751e8b465ee728b)
Start importing Assets/Images/image_2315.png using Guid(a03e6d43610f55445b6d2a6cedb9c5c9) Importer(815301076,1909f56bfc062723c751e8b465ee728b)  -> (artifact id: '6ec6efa4b79cad8bd3c1cbf680f9ac87') in 0.119243 seconds 
========================================================================
Received Import Request.
  Time since last request: 0.000025 seconds.
  path: Packages/com.unity.2d.animation/Editor/Assets/SkinningModule/Icons/Selected/Parent_Bone.png
  artifactKey: Guid(1b8ac2bef8a060f4ca19b22a3720cb0e) Importer(815301076,1909f56bfc062723c751e8b465ee728b)
Start importing Packages/com.unity.2d.animation/Editor/Assets/SkinningModule/Icons/Selected/Parent_Bone.png using Guid(1b8ac2bef8a060f4ca19b22a3720cb0e) Importer(815301076,1909f56bfc062723c751e8b465ee728b)  -> (artifact id: '913fceef2e8f1fbadfdc44f567772d6e') in 0.020469 seconds 
========================================================================
Received Import Request.
  Time since last request: 0.000032 seconds.
  path: Assets/Images/Button row/PNG/GreenButtonPressed.png
  artifactKey: Guid(794920a1fd42a4b4f89e6f92092b96ba) Importer(815301076,1909f56bfc062723c751e8b465ee728b)
Start importing Assets/Images/Button row/PNG/GreenButtonPressed.png using Guid(794920a1fd42a4b4f89e6f92092b96ba) Importer(815301076,1909f56bfc062723c751e8b465ee728b)  -> (artifact id: 'a376c45ae2ff8e1d705a0357b8f303e3') in 0.092682 seconds 
========================================================================
Received Import Request.
  Time since last request: 0.000021 seconds.
  path: Assets/Images/Button row/PNG/OrangeButton.png
  artifactKey: Guid(9c4038a690cc71445a3404abe8487cb7) Importer(815301076,1909f56bfc062723c751e8b465ee728b)
Start importing Assets/Images/Button row/PNG/OrangeButton.png using Guid(9c4038a690cc71445a3404abe8487cb7) Importer(815301076,1909f56bfc062723c751e8b465ee728b)  -> (artifact id: 'b2d7c76db7f07894ee393a98191c0352') in 0.064763 seconds 
========================================================================
Received Import Request.
  Time since last request: 0.000020 seconds.
  path: Packages/com.unity.2d.animation/Editor/Assets/SkinningModule/Icons/Selected/Generate_Geometry@4x.png
  artifactKey: Guid(7b0bba6a9b6960a4fb500a75d4a4caa0) Importer(815301076,1909f56bfc062723c751e8b465ee728b)
Start importing Packages/com.unity.2d.animation/Editor/Assets/SkinningModule/Icons/Selected/Generate_Geometry@4x.png using Guid(7b0bba6a9b6960a4fb500a75d4a4caa0) Importer(815301076,1909f56bfc062723c751e8b465ee728b)  -> (artifact id: '1d334e47c108ba9530a303ef33ef5023') in 0.020230 seconds 
========================================================================
Received Import Request.
  Time since last request: 0.000025 seconds.
  path: Packages/com.unity.2d.animation/Editor/Assets/SkinningModule/Icons/Selected/Generate_Weights@2x.png
  artifactKey: Guid(ba75d79a1a0723e488112808560789b7) Importer(815301076,1909f56bfc062723c751e8b465ee728b)
Start importing Packages/com.unity.2d.animation/Editor/Assets/SkinningModule/Icons/Selected/Generate_Weights@2x.png using Guid(ba75d79a1a0723e488112808560789b7) Importer(815301076,1909f56bfc062723c751e8b465ee728b)  -> (artifact id: '0ee7604673eafdcc6cbddb920a6e7cfc') in 0.017494 seconds 
========================================================================
Received Import Request.
  Time since last request: 0.000025 seconds.
  path: Packages/com.unity.2d.animation/Editor/Assets/SkinningModule/Icons/Light/Generate_Geometry@4x.png
  artifactKey: Guid(a4c77cea19fd0f84581d6e437a86290c) Importer(815301076,1909f56bfc062723c751e8b465ee728b)
Start importing Packages/com.unity.2d.animation/Editor/Assets/SkinningModule/Icons/Light/Generate_Geometry@4x.png using Guid(a4c77cea19fd0f84581d6e437a86290c) Importer(815301076,1909f56bfc062723c751e8b465ee728b)  -> (artifact id: '80ea602c243c2f176035ae7e2d1a301c') in 0.017399 seconds 
========================================================================
Received Import Request.
  Time since last request: 0.000030 seconds.
  path: Packages/com.unity.2d.animation/Editor/Assets/SkinningModule/Icons/Light/Generate_Weights@3x.png
  artifactKey: Guid(ed5ce024c84dbdb42ac5037d03e7c039) Importer(815301076,1909f56bfc062723c751e8b465ee728b)
Start importing Packages/com.unity.2d.animation/Editor/Assets/SkinningModule/Icons/Light/Generate_Weights@3x.png using Guid(ed5ce024c84dbdb42ac5037d03e7c039) Importer(815301076,1909f56bfc062723c751e8b465ee728b)  -> (artifact id: '232369b7acda44c4f6de85afe15e1115') in 0.017620 seconds 
========================================================================
Received Import Request.
  Time since last request: 0.000021 seconds.
  path: Packages/com.unity.2d.animation/Editor/Assets/SkinningModule/Icons/Light/Generate_Geometry@2x.png
  artifactKey: Guid(ae5924760c9fbf54d89df9f13435887e) Importer(815301076,1909f56bfc062723c751e8b465ee728b)
Start importing Packages/com.unity.2d.animation/Editor/Assets/SkinningModule/Icons/Light/Generate_Geometry@2x.png using Guid(ae5924760c9fbf54d89df9f13435887e) Importer(815301076,1909f56bfc062723c751e8b465ee728b)  -> (artifact id: '71d6bdba73d18ce3b782cd74281d9d86') in 0.017488 seconds 
========================================================================
Received Import Request.
  Time since last request: 0.000028 seconds.
  path: Packages/com.unity.2d.animation/Editor/Assets/SkinningModule/Icons/Selected/Generate_Geometry@3x.png
  artifactKey: Guid(a581ff3810b2e0a4690cddcf7634ed22) Importer(815301076,1909f56bfc062723c751e8b465ee728b)
Start importing Packages/com.unity.2d.animation/Editor/Assets/SkinningModule/Icons/Selected/Generate_Geometry@3x.png using Guid(a581ff3810b2e0a4690cddcf7634ed22) Importer(815301076,1909f56bfc062723c751e8b465ee728b)  -> (artifact id: 'c3841d888c7608e6ffb3d039798cf791') in 0.017142 seconds 
========================================================================
Received Import Request.
  Time since last request: 0.000021 seconds.
  path: Packages/com.unity.2d.animation/Editor/Assets/SkinningModule/Icons/Selected/Generate_Geometry.png
  artifactKey: Guid(41842964c48860f46b45e7b3d5986e07) Importer(815301076,1909f56bfc062723c751e8b465ee728b)
Start importing Packages/com.unity.2d.animation/Editor/Assets/SkinningModule/Icons/Selected/Generate_Geometry.png using Guid(41842964c48860f46b45e7b3d5986e07) Importer(815301076,1909f56bfc062723c751e8b465ee728b)  -> (artifact id: '95c254e4ea9fa0044552efab29556548') in 0.016606 seconds 
========================================================================
Received Import Request.
  Time since last request: 0.000022 seconds.
  path: Packages/com.unity.2d.animation/Editor/Assets/SkinningModule/Icons/Light/Generate_Weights.png
  artifactKey: Guid(007c4dbed3f8be9429c39de72ee3c2d7) Importer(815301076,1909f56bfc062723c751e8b465ee728b)
Start importing Packages/com.unity.2d.animation/Editor/Assets/SkinningModule/Icons/Light/Generate_Weights.png using Guid(007c4dbed3f8be9429c39de72ee3c2d7) Importer(815301076,1909f56bfc062723c751e8b465ee728b)  -> (artifact id: '637e7882adb53bd73f51428c68b63c34') in 0.018781 seconds 
========================================================================
Received Import Request.
  Time since last request: 0.000026 seconds.
  path: Packages/com.unity.2d.animation/Editor/Assets/SkinningModule/Icons/Selected/Generate_Weights.png
  artifactKey: Guid(2892d6ec6ca2a1f45adbd52fdb96fcfe) Importer(815301076,1909f56bfc062723c751e8b465ee728b)
Start importing Packages/com.unity.2d.animation/Editor/Assets/SkinningModule/Icons/Selected/Generate_Weights.png using Guid(2892d6ec6ca2a1f45adbd52fdb96fcfe) Importer(815301076,1909f56bfc062723c751e8b465ee728b)  -> (artifact id: 'aed3a20eefba933345682c5c86a267a1') in 0.015862 seconds 
========================================================================
Received Import Request.
  Time since last request: 0.124043 seconds.
  path: Packages/com.unity.2d.animation/Editor/Assets/SkinningModule/Icons/Light/Edit_Pose@2x.png
  artifactKey: Guid(f169a69b888768d44906789625031d45) Importer(815301076,1909f56bfc062723c751e8b465ee728b)
Start importing Packages/com.unity.2d.animation/Editor/Assets/SkinningModule/Icons/Light/Edit_Pose@2x.png using Guid(f169a69b888768d44906789625031d45) Importer(815301076,1909f56bfc062723c751e8b465ee728b)  -> (artifact id: 'd7d116610536649d58250618b55eadd3') in 0.017684 seconds 
========================================================================
Received Import Request.
  Time since last request: 0.000021 seconds.
  path: Packages/com.unity.2d.animation/Editor/Assets/SkinningModule/Icons/Selected/Edit_Pose@4x.png
  artifactKey: Guid(eb81c5f176e01b746be35f0aa3603593) Importer(815301076,1909f56bfc062723c751e8b465ee728b)
Start importing Packages/com.unity.2d.animation/Editor/Assets/SkinningModule/Icons/Selected/Edit_Pose@4x.png using Guid(eb81c5f176e01b746be35f0aa3603593) Importer(815301076,1909f56bfc062723c751e8b465ee728b)  -> (artifact id: 'ebd667fd9a880f31168c819db3553ea0') in 0.017546 seconds 
========================================================================
Received Import Request.
  Time since last request: 0.000020 seconds.
  path: Packages/com.unity.2d.animation/Editor/Assets/SkinningModule/Icons/Light/Edit_Joints.png
  artifactKey: Guid(e7b30dca77466b8478690c280b0010ea) Importer(815301076,1909f56bfc062723c751e8b465ee728b)
Start importing Packages/com.unity.2d.animation/Editor/Assets/SkinningModule/Icons/Light/Edit_Joints.png using Guid(e7b30dca77466b8478690c280b0010ea) Importer(815301076,1909f56bfc062723c751e8b465ee728b)  -> (artifact id: '33524213745e3d6ad466c17926a101e4') in 0.016696 seconds 
========================================================================
Received Import Request.
  Time since last request: 0.000031 seconds.
  path: Packages/com.unity.2d.animation/Editor/Assets/SkinningModule/Icons/Light/Edit_Geometry.png
  artifactKey: Guid(5242f1eff2245a741a7cec5ada97f9f2) Importer(815301076,1909f56bfc062723c751e8b465ee728b)
Start importing Packages/com.unity.2d.animation/Editor/Assets/SkinningModule/Icons/Light/Edit_Geometry.png using Guid(5242f1eff2245a741a7cec5ada97f9f2) Importer(815301076,1909f56bfc062723c751e8b465ee728b)  -> (artifact id: 'bd5ab49e8e33c3acc02b9b29d81a8ecd') in 0.016774 seconds 
========================================================================
Received Import Request.
  Time since last request: 0.000020 seconds.
  path: Packages/com.unity.2d.animation/Editor/Assets/SkinningModule/Icons/Selected/Edit_Joints@2x.png
  artifactKey: Guid(401d7863028c84a4988285a5389f1d79) Importer(815301076,1909f56bfc062723c751e8b465ee728b)
Start importing Packages/com.unity.2d.animation/Editor/Assets/SkinningModule/Icons/Selected/Edit_Joints@2x.png using Guid(401d7863028c84a4988285a5389f1d79) Importer(815301076,1909f56bfc062723c751e8b465ee728b)  -> (artifact id: 'e5bc15a5d2daa37bf7a2203985b28733') in 0.016856 seconds 
========================================================================
Received Import Request.
  Time since last request: 0.000019 seconds.
  path: Packages/com.unity.2d.animation/Editor/Assets/SkinningModule/Icons/Light/Edit_Geometry@2x.png
  artifactKey: Guid(4bcd27377338b8440bda5ecf26ea2fb5) Importer(815301076,1909f56bfc062723c751e8b465ee728b)
Start importing Packages/com.unity.2d.animation/Editor/Assets/SkinningModule/Icons/Light/Edit_Geometry@2x.png using Guid(4bcd27377338b8440bda5ecf26ea2fb5) Importer(815301076,1909f56bfc062723c751e8b465ee728b)  -> (artifact id: '9ad7529a3fe83149133b1a62228fe799') in 0.016088 seconds 
========================================================================
Received Import Request.
  Time since last request: 0.000024 seconds.
  path: Packages/com.unity.2d.animation/Editor/Assets/SkinningModule/Icons/Light/Edit_Joints@3x.png
  artifactKey: Guid(da6b55611e420f443a65d0be7a8f8719) Importer(815301076,1909f56bfc062723c751e8b465ee728b)
Start importing Packages/com.unity.2d.animation/Editor/Assets/SkinningModule/Icons/Light/Edit_Joints@3x.png using Guid(da6b55611e420f443a65d0be7a8f8719) Importer(815301076,1909f56bfc062723c751e8b465ee728b)  -> (artifact id: '0a5e8e738421732f22b32092be565565') in 0.017679 seconds 
========================================================================
Received Import Request.
  Time since last request: 0.000024 seconds.
  path: Packages/com.unity.2d.animation/Editor/Assets/SkinningModule/Icons/Light/Edit_Pose@3x.png
  artifactKey: Guid(32854586e42553846b24646ce18cf625) Importer(815301076,1909f56bfc062723c751e8b465ee728b)
Start importing Packages/com.unity.2d.animation/Editor/Assets/SkinningModule/Icons/Light/Edit_Pose@3x.png using Guid(32854586e42553846b24646ce18cf625) Importer(815301076,1909f56bfc062723c751e8b465ee728b)  -> (artifact id: '49af188c67a02aff3fa1066a35b77565') in 0.017002 seconds 
========================================================================
Received Import Request.
  Time since last request: 0.000027 seconds.
  path: Packages/com.unity.2d.animation/Editor/Assets/SkinningModule/Icons/Light/Edit_Pose.png
  artifactKey: Guid(9369d4108c727134a8f5a9618cfbbf18) Importer(815301076,1909f56bfc062723c751e8b465ee728b)
Start importing Packages/com.unity.2d.animation/Editor/Assets/SkinningModule/Icons/Light/Edit_Pose.png using Guid(9369d4108c727134a8f5a9618cfbbf18) Importer(815301076,1909f56bfc062723c751e8b465ee728b)  -> (artifact id: '7ff7a0631f6cdd9e4db8d97c12e53660') in 0.014357 seconds 
========================================================================
Received Import Request.
  Time since last request: 0.000024 seconds.
  path: Packages/com.unity.2d.animation/Editor/Assets/SkinningModule/Icons/Selected/Edit_Geometry@2x.png
  artifactKey: Guid(c706f86f6fd02084f9a14727d08b844d) Importer(815301076,1909f56bfc062723c751e8b465ee728b)
Start importing Packages/com.unity.2d.animation/Editor/Assets/SkinningModule/Icons/Selected/Edit_Geometry@2x.png using Guid(c706f86f6fd02084f9a14727d08b844d) Importer(815301076,1909f56bfc062723c751e8b465ee728b)  -> (artifact id: 'b08b8e3cb0d1ac688a7c83189e47543c') in 0.014784 seconds 
========================================================================
Received Import Request.
  Time since last request: 0.000021 seconds.
  path: Packages/com.unity.2d.animation/Editor/Assets/SkinningModule/Icons/Selected/Edit_Joints@4x.png
  artifactKey: Guid(d7b47eae8bab6b94798f1c25eabe65c2) Importer(815301076,1909f56bfc062723c751e8b465ee728b)
Start importing Packages/com.unity.2d.animation/Editor/Assets/SkinningModule/Icons/Selected/Edit_Joints@4x.png using Guid(d7b47eae8bab6b94798f1c25eabe65c2) Importer(815301076,1909f56bfc062723c751e8b465ee728b)  -> (artifact id: '261ebaff27c3734a3ae524bee02483b1') in 0.016435 seconds 
========================================================================
Received Import Request.
  Time since last request: 0.000024 seconds.
  path: Packages/com.unity.2d.animation/Editor/Assets/SkinningModule/Icons/Light/Edit_Geometry@3x.png
  artifactKey: Guid(b37297243655c064a8cd48d76a074ca0) Importer(815301076,1909f56bfc062723c751e8b465ee728b)
Start importing Packages/com.unity.2d.animation/Editor/Assets/SkinningModule/Icons/Light/Edit_Geometry@3x.png using Guid(b37297243655c064a8cd48d76a074ca0) Importer(815301076,1909f56bfc062723c751e8b465ee728b)  -> (artifact id: '48da81d0a35d17bab987f895fbec62d7') in 0.014931 seconds 
========================================================================
Received Import Request.
  Time since last request: 0.052038 seconds.
  path: Packages/com.unity.2d.animation/Editor/Assets/SkinningModule/Icons/Dark/d_Weight_Slider@3x.png
  artifactKey: Guid(3120ec2beffde56499fe86f755fc25b9) Importer(815301076,1909f56bfc062723c751e8b465ee728b)
Start importing Packages/com.unity.2d.animation/Editor/Assets/SkinningModule/Icons/Dark/d_Weight_Slider@3x.png using Guid(3120ec2beffde56499fe86f755fc25b9) Importer(815301076,1909f56bfc062723c751e8b465ee728b)  -> (artifact id: 'a6ebd593874a6624aa85562dcba15be1') in 0.016384 seconds 
========================================================================
Received Import Request.
  Time since last request: 0.000019 seconds.
  path: Packages/com.unity.2d.animation/Editor/Assets/SkinningModule/Icons/Dark/d_Weight_Brush@2x.png
  artifactKey: Guid(fda4344db9f9d794698ed7487ca53957) Importer(815301076,1909f56bfc062723c751e8b465ee728b)
Start importing Packages/com.unity.2d.animation/Editor/Assets/SkinningModule/Icons/Dark/d_Weight_Brush@2x.png using Guid(fda4344db9f9d794698ed7487ca53957) Importer(815301076,1909f56bfc062723c751e8b465ee728b)  -> (artifact id: 'dc710ffae22f31fd4a3473d5a5ae5020') in 0.016709 seconds 
========================================================================
Received Import Request.
  Time since last request: 0.000020 seconds.
  path: Packages/com.unity.2d.animation/Editor/Assets/SkinningModule/Icons/Dark/d_Visibility_Tool@4x 1.png
  artifactKey: Guid(1748e795fc2216743b74f9f19e87888e) Importer(815301076,1909f56bfc062723c751e8b465ee728b)
Start importing Packages/com.unity.2d.animation/Editor/Assets/SkinningModule/Icons/Dark/d_Visibility_Tool@4x 1.png using Guid(1748e795fc2216743b74f9f19e87888e) Importer(815301076,1909f56bfc062723c751e8b465ee728b)  -> (artifact id: '243fc41e6896fdd2895d6228e945ffe2') in 0.017923 seconds 
========================================================================
Received Import Request.
  Time since last request: 0.000023 seconds.
  path: Packages/com.unity.2d.animation/Editor/Assets/SkinningModule/Icons/Dark/d_Visibility_Tool@4x.png
  artifactKey: Guid(575e67e67fc4b3349bef2112e32f0be3) Importer(815301076,1909f56bfc062723c751e8b465ee728b)
Start importing Packages/com.unity.2d.animation/Editor/Assets/SkinningModule/Icons/Dark/d_Visibility_Tool@4x.png using Guid(575e67e67fc4b3349bef2112e32f0be3) Importer(815301076,1909f56bfc062723c751e8b465ee728b)  -> (artifact id: 'a67450004e47b5ac2e374927df6dbf0b') in 0.018776 seconds 
========================================================================
Received Import Request.
  Time since last request: 0.000035 seconds.
  path: Packages/com.unity.2d.animation/Editor/Assets/SkinningModule/Icons/Dark/d_Weight_Slider@4x.png
  artifactKey: Guid(6816bbef55b2e9847b5e4f06c5475d8b) Importer(815301076,1909f56bfc062723c751e8b465ee728b)
Start importing Packages/com.unity.2d.animation/Editor/Assets/SkinningModule/Icons/Dark/d_Weight_Slider@4x.png using Guid(6816bbef55b2e9847b5e4f06c5475d8b) Importer(815301076,1909f56bfc062723c751e8b465ee728b)  -> (artifact id: 'bcb2ca55a8b33673052dc510d11924a0') in 0.021136 seconds 
========================================================================
Received Import Request.
  Time since last request: 0.000029 seconds.
  path: Packages/com.unity.2d.animation/Editor/Assets/SkinningModule/Icons/Dark/d_Weight_Brush.png
  artifactKey: Guid(e41886f7c5271c74f9adbf719cbd3e67) Importer(815301076,1909f56bfc062723c751e8b465ee728b)
Start importing Packages/com.unity.2d.animation/Editor/Assets/SkinningModule/Icons/Dark/d_Weight_Brush.png using Guid(e41886f7c5271c74f9adbf719cbd3e67) Importer(815301076,1909f56bfc062723c751e8b465ee728b)  -> (artifact id: '4f70040680422e3e62860aa4432708c0') in 0.018192 seconds 
========================================================================
Received Import Request.
  Time since last request: 0.000023 seconds.
  path: Packages/com.unity.2d.animation/Editor/Assets/SkinningModule/Icons/Selected/d_Visibility_Tool@4x.png
  artifactKey: Guid(0167a2d235421ca4f8095daaa1defd4f) Importer(815301076,1909f56bfc062723c751e8b465ee728b)
Start importing Packages/com.unity.2d.animation/Editor/Assets/SkinningModule/Icons/Selected/d_Visibility_Tool@4x.png using Guid(0167a2d235421ca4f8095daaa1defd4f) Importer(815301076,1909f56bfc062723c751e8b465ee728b)  -> (artifact id: '663281e60127f84c413ac882c83f85ed') in 0.015795 seconds 
========================================================================
Received Import Request.
  Time since last request: 0.000026 seconds.
  path: Assets/Images/downAreaUInf.png
  artifactKey: Guid(c0aff64f27bf59d459ebe91631bbcbaa) Importer(815301076,1909f56bfc062723c751e8b465ee728b)
Start importing Assets/Images/downAreaUInf.png using Guid(c0aff64f27bf59d459ebe91631bbcbaa) Importer(815301076,1909f56bfc062723c751e8b465ee728b)  -> (artifact id: '3c0f62bf9548191a26b4b4db41766c5d') in 0.058660 seconds 
========================================================================
Received Import Request.
  Time since last request: 0.000027 seconds.
  path: Packages/com.unity.2d.animation/Editor/Assets/SkinningModule/Icons/Dark/d_Weight_Brush@4x.png
  artifactKey: Guid(f68f6cf24545d2f41b27323ca2b06a52) Importer(815301076,1909f56bfc062723c751e8b465ee728b)
Start importing Packages/com.unity.2d.animation/Editor/Assets/SkinningModule/Icons/Dark/d_Weight_Brush@4x.png using Guid(f68f6cf24545d2f41b27323ca2b06a52) Importer(815301076,1909f56bfc062723c751e8b465ee728b)  -> (artifact id: 'e86656cb92a90faae1e0c0664bbabaeb') in 0.017727 seconds 
========================================================================
Received Import Request.
  Time since last request: 0.000022 seconds.
  path: Packages/com.unity.2d.animation/Editor/Assets/SkinningModule/Icons/Dark/d_Visibility_Tool@3x.png
  artifactKey: Guid(8c3b52e1fbc36584d802ee0099c48682) Importer(815301076,1909f56bfc062723c751e8b465ee728b)
Start importing Packages/com.unity.2d.animation/Editor/Assets/SkinningModule/Icons/Dark/d_Visibility_Tool@3x.png using Guid(8c3b52e1fbc36584d802ee0099c48682) Importer(815301076,1909f56bfc062723c751e8b465ee728b)  -> (artifact id: 'f7aac9fd48a5977387d121223371ea90') in 0.014631 seconds 
========================================================================
Received Import Request.
  Time since last request: 0.014837 seconds.
  path: Packages/com.unity.2d.animation/Editor/Assets/SkinningModule/Icons/Dark/d_Visibility_Tool.png
  artifactKey: Guid(ac4a94776fb2dd74a910bef3649b5c84) Importer(815301076,1909f56bfc062723c751e8b465ee728b)
Start importing Packages/com.unity.2d.animation/Editor/Assets/SkinningModule/Icons/Dark/d_Visibility_Tool.png using Guid(ac4a94776fb2dd74a910bef3649b5c84) Importer(815301076,1909f56bfc062723c751e8b465ee728b)  -> (artifact id: '59f9549ad52a0bb4ab36525592194843') in 0.017751 seconds 
========================================================================
Received Import Request.
  Time since last request: 0.000026 seconds.
  path: Packages/com.unity.2d.animation/Editor/Assets/SkinningModule/Icons/Selected/d_Visibility_Hidded@3x.png
  artifactKey: Guid(dc1f494fe190bd54bb487d11e639d5fc) Importer(815301076,1909f56bfc062723c751e8b465ee728b)
Start importing Packages/com.unity.2d.animation/Editor/Assets/SkinningModule/Icons/Selected/d_Visibility_Hidded@3x.png using Guid(dc1f494fe190bd54bb487d11e639d5fc) Importer(815301076,1909f56bfc062723c751e8b465ee728b)  -> (artifact id: '4250b34e1535b077799ad6edf3cccd29') in 0.021820 seconds 
========================================================================
Received Import Request.
  Time since last request: 0.000026 seconds.
  path: Packages/com.unity.2d.animation/Editor/Assets/SkinningModule/Icons/Dark/d_Sprite_Mode@2x.png
  artifactKey: Guid(269eee5bd0392044cb38fd13171b84f6) Importer(815301076,1909f56bfc062723c751e8b465ee728b)
Start importing Packages/com.unity.2d.animation/Editor/Assets/SkinningModule/Icons/Dark/d_Sprite_Mode@2x.png using Guid(269eee5bd0392044cb38fd13171b84f6) Importer(815301076,1909f56bfc062723c751e8b465ee728b)  -> (artifact id: '3bd19ef8554b935ef9757a1272f24da4') in 0.018713 seconds 
========================================================================
Received Import Request.
  Time since last request: 0.000031 seconds.
  path: Packages/com.unity.2d.animation/Editor/Assets/SkinningModule/Icons/Selected/d_Visibility_Hidded.png
  artifactKey: Guid(53537648d368cf6459e256af3d925e09) Importer(815301076,1909f56bfc062723c751e8b465ee728b)
Start importing Packages/com.unity.2d.animation/Editor/Assets/SkinningModule/Icons/Selected/d_Visibility_Hidded.png using Guid(53537648d368cf6459e256af3d925e09) Importer(815301076,1909f56bfc062723c751e8b465ee728b)  -> (artifact id: '48d058df907e1a98ad3cc84fc4b78f10') in 0.019516 seconds 
========================================================================
Received Import Request.
  Time since last request: 0.000021 seconds.
  path: Packages/com.unity.2d.animation/Editor/Assets/SkinningModule/Icons/Dark/d_Visibility_Tool 1.png
  artifactKey: Guid(8ce57331a725cc74d84af900f8f3c641) Importer(815301076,1909f56bfc062723c751e8b465ee728b)
Start importing Packages/com.unity.2d.animation/Editor/Assets/SkinningModule/Icons/Dark/d_Visibility_Tool 1.png using Guid(8ce57331a725cc74d84af900f8f3c641) Importer(815301076,1909f56bfc062723c751e8b465ee728b)  -> (artifact id: '50c5a04f7d77316ffea3d6233486a035') in 0.016361 seconds 
========================================================================
Received Import Request.
  Time since last request: 0.000020 seconds.
  path: Packages/com.unity.2d.animation/Editor/Assets/SkinningModule/Icons/Dark/d_Visibility_Hidded@3x.png
  artifactKey: Guid(6d082a477f1715f498c6a28543125ec8) Importer(815301076,1909f56bfc062723c751e8b465ee728b)
Start importing Packages/com.unity.2d.animation/Editor/Assets/SkinningModule/Icons/Dark/d_Visibility_Hidded@3x.png using Guid(6d082a477f1715f498c6a28543125ec8) Importer(815301076,1909f56bfc062723c751e8b465ee728b)  -> (artifact id: '7d8071acbcf4553917f35f48e5dc62d6') in 0.017324 seconds 
========================================================================
Received Import Request.
  Time since last request: 0.000023 seconds.
  path: Packages/com.unity.2d.animation/Editor/Assets/SkinningModule/Icons/Dark/d_Visibility_Tool@2x.png
  artifactKey: Guid(debf043892056974eaec3b42dfdda5b3) Importer(815301076,1909f56bfc062723c751e8b465ee728b)
Start importing Packages/com.unity.2d.animation/Editor/Assets/SkinningModule/Icons/Dark/d_Visibility_Tool@2x.png using Guid(debf043892056974eaec3b42dfdda5b3) Importer(815301076,1909f56bfc062723c751e8b465ee728b)  -> (artifact id: 'd6fd52826a9e705d2287ccb12fa4e0ee') in 0.013510 seconds 
========================================================================
Received Import Request.
  Time since last request: 0.000044 seconds.
  path: Packages/com.unity.2d.animation/Editor/Assets/SkinningModule/Icons/Selected/d_Visibility_Hidded@2x.png
  artifactKey: Guid(1a2673cb12e2ed1459bc6ab5dad05aae) Importer(815301076,1909f56bfc062723c751e8b465ee728b)
Start importing Packages/com.unity.2d.animation/Editor/Assets/SkinningModule/Icons/Selected/d_Visibility_Hidded@2x.png using Guid(1a2673cb12e2ed1459bc6ab5dad05aae) Importer(815301076,1909f56bfc062723c751e8b465ee728b)  -> (artifact id: 'a089973337e1de458a1235f3b12085cd') in 0.016562 seconds 
========================================================================
Received Import Request.
  Time since last request: 0.000023 seconds.
  path: Packages/com.unity.2d.animation/Editor/Assets/SkinningModule/Icons/Dark/d_Visibility_Hidded.png
  artifactKey: Guid(331d72d503bf74243aa04430504cee09) Importer(815301076,1909f56bfc062723c751e8b465ee728b)
Start importing Packages/com.unity.2d.animation/Editor/Assets/SkinningModule/Icons/Dark/d_Visibility_Hidded.png using Guid(331d72d503bf74243aa04430504cee09) Importer(815301076,1909f56bfc062723c751e8b465ee728b)  -> (artifact id: '0526a51dc21b22121c69cadb096e22ca') in 0.014507 seconds 
========================================================================
Received Import Request.
  Time since last request: 0.141110 seconds.
  path: Packages/com.unity.2d.animation/Editor/Assets/SkinningModule/Icons/Dark/d_Split_Edge@3x.png
  artifactKey: Guid(03cb0f9b9d35a14499ccade97f1b3da1) Importer(815301076,1909f56bfc062723c751e8b465ee728b)
Start importing Packages/com.unity.2d.animation/Editor/Assets/SkinningModule/Icons/Dark/d_Split_Edge@3x.png using Guid(03cb0f9b9d35a14499ccade97f1b3da1) Importer(815301076,1909f56bfc062723c751e8b465ee728b)  -> (artifact id: '1ff9170ccfe02f426e52c51515d10d32') in 0.017039 seconds 
========================================================================
Received Import Request.
  Time since last request: 0.000018 seconds.
  path: Packages/com.unity.2d.animation/Editor/Assets/SkinningModule/Icons/Dark/d_Split Bones.png
  artifactKey: Guid(3e98b5bf8fbc84d4bafe25706ebcde8a) Importer(815301076,1909f56bfc062723c751e8b465ee728b)
Start importing Packages/com.unity.2d.animation/Editor/Assets/SkinningModule/Icons/Dark/d_Split Bones.png using Guid(3e98b5bf8fbc84d4bafe25706ebcde8a) Importer(815301076,1909f56bfc062723c751e8b465ee728b)  -> (artifact id: 'fc5460277ed351717ad1edb8234aa7a1') in 0.019211 seconds 
========================================================================
Received Import Request.
  Time since last request: 0.000018 seconds.
  path: Packages/com.unity.2d.animation/Editor/Assets/SkinningModule/Icons/Dark/d_Sprite_Influence@2x.png
  artifactKey: Guid(0f26b0f71c3344e8b8838eb64eb7d9e9) Importer(815301076,1909f56bfc062723c751e8b465ee728b)
Start importing Packages/com.unity.2d.animation/Editor/Assets/SkinningModule/Icons/Dark/d_Sprite_Influence@2x.png using Guid(0f26b0f71c3344e8b8838eb64eb7d9e9) Importer(815301076,1909f56bfc062723c751e8b465ee728b)  -> (artifact id: 'cb00cbdb1c15ccaac7f8686175c70345') in 0.016249 seconds 
========================================================================
Received Import Request.
  Time since last request: 0.000018 seconds.
  path: Packages/com.unity.2d.animation/Editor/Assets/SkinningModule/Icons/Dark/d_Split Bones@4x.png
  artifactKey: Guid(0bf67b4360dc1cd4caa0338c55219e9e) Importer(815301076,1909f56bfc062723c751e8b465ee728b)
Start importing Packages/com.unity.2d.animation/Editor/Assets/SkinningModule/Icons/Dark/d_Split Bones@4x.png using Guid(0bf67b4360dc1cd4caa0338c55219e9e) Importer(815301076,1909f56bfc062723c751e8b465ee728b)  -> (artifact id: '489057137ab69ef31953d99747d5fab3') in 0.016712 seconds 
========================================================================
Received Import Request.
  Time since last request: 0.000017 seconds.
  path: Packages/com.unity.2d.animation/Editor/Assets/SkinningModule/Icons/Dark/d_Paste@2x.png
  artifactKey: Guid(6de1e8bb25ebf5c44b02b794de99154c) Importer(815301076,1909f56bfc062723c751e8b465ee728b)
Start importing Packages/com.unity.2d.animation/Editor/Assets/SkinningModule/Icons/Dark/d_Paste@2x.png using Guid(6de1e8bb25ebf5c44b02b794de99154c) Importer(815301076,1909f56bfc062723c751e8b465ee728b)  -> (artifact id: '20f6bc8742d2f2f94dbf482fd57d4c4a') in 0.018312 seconds 
========================================================================
Received Import Request.
  Time since last request: 0.000019 seconds.
  path: Packages/com.unity.2d.animation/Editor/Assets/SkinningModule/Icons/Dark/d_Sprite_Influence@3x.png
  artifactKey: Guid(dd74e4fa4aa2947d6a14ab33d32d7c63) Importer(815301076,1909f56bfc062723c751e8b465ee728b)
Start importing Packages/com.unity.2d.animation/Editor/Assets/SkinningModule/Icons/Dark/d_Sprite_Influence@3x.png using Guid(dd74e4fa4aa2947d6a14ab33d32d7c63) Importer(815301076,1909f56bfc062723c751e8b465ee728b)  -> (artifact id: '266e26138d65016071be6d23cfbd77e0') in 0.016723 seconds 
========================================================================
Received Import Request.
  Time since last request: 0.000023 seconds.
  path: Packages/com.unity.2d.animation/Editor/Assets/SkinningModule/Icons/Dark/d_Parent_Bone@3x.png
  artifactKey: Guid(ebda3a880d7c2f14999e6ef07ebbd37d) Importer(815301076,1909f56bfc062723c751e8b465ee728b)
Start importing Packages/com.unity.2d.animation/Editor/Assets/SkinningModule/Icons/Dark/d_Parent_Bone@3x.png using Guid(ebda3a880d7c2f14999e6ef07ebbd37d) Importer(815301076,1909f56bfc062723c751e8b465ee728b)  -> (artifact id: '05bfdb32644d1dd8dc26b12bf616c6c5') in 0.018124 seconds 
========================================================================
Received Import Request.
  Time since last request: 0.000030 seconds.
  path: Packages/com.unity.2d.animation/Editor/Assets/SkinningModule/Icons/Dark/d_Split Bones@2x.png
  artifactKey: Guid(afe7d261eb308984e95ffa8d883fc998) Importer(815301076,1909f56bfc062723c751e8b465ee728b)
Start importing Packages/com.unity.2d.animation/Editor/Assets/SkinningModule/Icons/Dark/d_Split Bones@2x.png using Guid(afe7d261eb308984e95ffa8d883fc998) Importer(815301076,1909f56bfc062723c751e8b465ee728b)  -> (artifact id: 'd7841a57c33a2016d20e94e428c965a3') in 0.017101 seconds 
========================================================================
Received Import Request.
  Time since last request: 0.000019 seconds.
  path: Packages/com.unity.2d.animation/Editor/Assets/SkinningModule/Icons/Dark/d_Paste@3x.png
  artifactKey: Guid(a130d12452aa0484da530281c362fc8b) Importer(815301076,1909f56bfc062723c751e8b465ee728b)
Start importing Packages/com.unity.2d.animation/Editor/Assets/SkinningModule/Icons/Dark/d_Paste@3x.png using Guid(a130d12452aa0484da530281c362fc8b) Importer(815301076,1909f56bfc062723c751e8b465ee728b)  -> (artifact id: '9d60dcc208e73d452a36120c92a7fa90') in 0.017959 seconds 
========================================================================
Received Import Request.
  Time since last request: 0.185580 seconds.
  path: Packages/com.unity.2d.animation/Editor/Assets/SkinningModule/Icons/Selected/d_Mesh@3x.png
  artifactKey: Guid(e79a9e9d6396eba438900afb0357e808) Importer(815301076,1909f56bfc062723c751e8b465ee728b)
Start importing Packages/com.unity.2d.animation/Editor/Assets/SkinningModule/Icons/Selected/d_Mesh@3x.png using Guid(e79a9e9d6396eba438900afb0357e808) Importer(815301076,1909f56bfc062723c751e8b465ee728b)  -> (artifact id: '6025ecadd647d7cc8767a652a0082902') in 0.016761 seconds 
========================================================================
Received Import Request.
  Time since last request: 0.000020 seconds.
  path: Packages/com.unity.2d.animation/Editor/Assets/SkinningModule/Icons/Dark/d_Generate_Weights@3x.png
  artifactKey: Guid(d0e92ddf428f3da4abe78b8ef60e2a84) Importer(815301076,1909f56bfc062723c751e8b465ee728b)
Start importing Packages/com.unity.2d.animation/Editor/Assets/SkinningModule/Icons/Dark/d_Generate_Weights@3x.png using Guid(d0e92ddf428f3da4abe78b8ef60e2a84) Importer(815301076,1909f56bfc062723c751e8b465ee728b)  -> (artifact id: '2e61e8025721c0eb1e8eb2c4dc8d9188') in 0.017896 seconds 
========================================================================
Received Import Request.
  Time since last request: 0.000018 seconds.
  path: Packages/com.unity.2d.animation/Editor/Assets/SkinningModule/Icons/Dark/d_Edit_Pose@3x.png
  artifactKey: Guid(334b0c5a2da656f4a9d2fe6b658cfd68) Importer(815301076,1909f56bfc062723c751e8b465ee728b)
Start importing Packages/com.unity.2d.animation/Editor/Assets/SkinningModule/Icons/Dark/d_Edit_Pose@3x.png using Guid(334b0c5a2da656f4a9d2fe6b658cfd68) Importer(815301076,1909f56bfc062723c751e8b465ee728b)  -> (artifact id: '10854887a28f385b8e16ce8421faf017') in 0.020864 seconds 
========================================================================
Received Import Request.
  Time since last request: 0.000022 seconds.
  path: Packages/com.unity.2d.animation/Editor/Assets/SkinningModule/Icons/Dark/d_Generate_Weights@2x.png
  artifactKey: Guid(f7e651b449fe96f42badf0e18b738c78) Importer(815301076,1909f56bfc062723c751e8b465ee728b)
Start importing Packages/com.unity.2d.animation/Editor/Assets/SkinningModule/Icons/Dark/d_Generate_Weights@2x.png using Guid(f7e651b449fe96f42badf0e18b738c78) Importer(815301076,1909f56bfc062723c751e8b465ee728b)  -> (artifact id: '1cff85c346b0c618a706ab8399ad9529') in 0.016245 seconds 
========================================================================
Received Import Request.
  Time since last request: 0.000020 seconds.
  path: Packages/com.unity.2d.animation/Editor/Assets/SkinningModule/Icons/Dark/d_Mesh@2x.png
  artifactKey: Guid(fc8dcc4a15d828e4686470389805489c) Importer(815301076,1909f56bfc062723c751e8b465ee728b)
Start importing Packages/com.unity.2d.animation/Editor/Assets/SkinningModule/Icons/Dark/d_Mesh@2x.png using Guid(fc8dcc4a15d828e4686470389805489c) Importer(815301076,1909f56bfc062723c751e8b465ee728b)  -> (artifact id: '914d08042f28d7a4dc411e8f0e12529b') in 0.015471 seconds 
========================================================================
Received Import Request.
  Time since last request: 0.000020 seconds.
  path: Packages/com.unity.2d.animation/Editor/Assets/SkinningModule/Icons/Dark/d_Generate_Geometry@2x.png
  artifactKey: Guid(80cc8d218dc9bee4091ecde845959866) Importer(815301076,1909f56bfc062723c751e8b465ee728b)
Start importing Packages/com.unity.2d.animation/Editor/Assets/SkinningModule/Icons/Dark/d_Generate_Geometry@2x.png using Guid(80cc8d218dc9bee4091ecde845959866) Importer(815301076,1909f56bfc062723c751e8b465ee728b)  -> (artifact id: 'd44b35239c9672677e4bf8e268c550df') in 0.020234 seconds 
========================================================================
Received Import Request.
  Time since last request: 0.000034 seconds.
  path: Packages/com.unity.2d.animation/Editor/Assets/SkinningModule/Icons/Dark/d_Edit_Pose.png
  artifactKey: Guid(7a6cafa65c507e240b7293250b094e10) Importer(815301076,1909f56bfc062723c751e8b465ee728b)
Start importing Packages/com.unity.2d.animation/Editor/Assets/SkinningModule/Icons/Dark/d_Edit_Pose.png using Guid(7a6cafa65c507e240b7293250b094e10) Importer(815301076,1909f56bfc062723c751e8b465ee728b)  -> (artifact id: '0b17ee3830a4fc8eee98145afd1c52b3') in 0.018305 seconds 
========================================================================
Received Import Request.
  Time since last request: 0.000026 seconds.
  path: Packages/com.unity.2d.animation/Editor/Assets/SkinningModule/Icons/Selected/d_Mesh.png
  artifactKey: Guid(1f9ef263156323d4dbaab5a1b41a61e6) Importer(815301076,1909f56bfc062723c751e8b465ee728b)
Start importing Packages/com.unity.2d.animation/Editor/Assets/SkinningModule/Icons/Selected/d_Mesh.png using Guid(1f9ef263156323d4dbaab5a1b41a61e6) Importer(815301076,1909f56bfc062723c751e8b465ee728b)  -> (artifact id: '07cbad97369eea1ae77c66ba5926d040') in 0.017848 seconds 
========================================================================
Received Import Request.
  Time since last request: 0.000024 seconds.
  path: Packages/com.unity.2d.animation/Editor/Assets/SkinningModule/Icons/Dark/d_Edit_Joints@4x.png
  artifactKey: Guid(15d3c315af8faf2498573371308b9d3e) Importer(815301076,1909f56bfc062723c751e8b465ee728b)
Start importing Packages/com.unity.2d.animation/Editor/Assets/SkinningModule/Icons/Dark/d_Edit_Joints@4x.png using Guid(15d3c315af8faf2498573371308b9d3e) Importer(815301076,1909f56bfc062723c751e8b465ee728b)  -> (artifact id: 'c42cfc8220907998855aad7c83377525') in 0.023064 seconds 
========================================================================
Received Import Request.
  Time since last request: 0.000031 seconds.
  path: Packages/com.unity.2d.animation/Editor/Assets/SkinningModule/Icons/Dark/d_Create_Vertex@4x.png
  artifactKey: Guid(2ced226d9df062547882002f633ab6ee) Importer(815301076,1909f56bfc062723c751e8b465ee728b)
Start importing Packages/com.unity.2d.animation/Editor/Assets/SkinningModule/Icons/Dark/d_Create_Vertex@4x.png using Guid(2ced226d9df062547882002f633ab6ee) Importer(815301076,1909f56bfc062723c751e8b465ee728b)  -> (artifact id: 'd1f38a8b29022d4e5411e0426e0b44a0') in 0.018934 seconds 
========================================================================
Received Import Request.
  Time since last request: 0.000020 seconds.
  path: Packages/com.unity.2d.animation/Editor/Assets/SkinningModule/Icons/Dark/d_Parent_Bone.png
  artifactKey: Guid(8b8fa969cc0cac04b97330905b3dd95b) Importer(815301076,1909f56bfc062723c751e8b465ee728b)
Start importing Packages/com.unity.2d.animation/Editor/Assets/SkinningModule/Icons/Dark/d_Parent_Bone.png using Guid(8b8fa969cc0cac04b97330905b3dd95b) Importer(815301076,1909f56bfc062723c751e8b465ee728b)  -> (artifact id: '638a0e808ef151b3489d3fa6cd8a9be4') in 0.020829 seconds 
========================================================================
Received Import Request.
  Time since last request: 0.000022 seconds.
  path: Packages/com.unity.2d.animation/Editor/Assets/SkinningModule/Icons/Dark/d_Generate_Weights@4x.png
  artifactKey: Guid(8e88614a5d2aead4998a8c70955662c6) Importer(815301076,1909f56bfc062723c751e8b465ee728b)
Start importing Packages/com.unity.2d.animation/Editor/Assets/SkinningModule/Icons/Dark/d_Generate_Weights@4x.png using Guid(8e88614a5d2aead4998a8c70955662c6) Importer(815301076,1909f56bfc062723c751e8b465ee728b)  -> (artifact id: '9af1df710fb00fc574794803df607519') in 0.033994 seconds 
========================================================================
Received Import Request.
  Time since last request: 0.000025 seconds.
  path: Packages/com.unity.2d.animation/Editor/Assets/SkinningModule/Icons/Dark/d_Generate_Geometry.png
  artifactKey: Guid(bba3ad14ed4c2d64fbd090a846ffaaea) Importer(815301076,1909f56bfc062723c751e8b465ee728b)
Start importing Packages/com.unity.2d.animation/Editor/Assets/SkinningModule/Icons/Dark/d_Generate_Geometry.png using Guid(bba3ad14ed4c2d64fbd090a846ffaaea) Importer(815301076,1909f56bfc062723c751e8b465ee728b)  -> (artifact id: '11e83010098c49179cc2f6f63482aaa6') in 0.023219 seconds 
========================================================================
Received Import Request.
  Time since last request: 0.000023 seconds.
  path: Packages/com.unity.2d.animation/Editor/Assets/SkinningModule/Icons/Dark/d_Edit_Geometry@2x.png
  artifactKey: Guid(2d2e8c77fdf4f364c83224444f65fb4d) Importer(815301076,1909f56bfc062723c751e8b465ee728b)
Start importing Packages/com.unity.2d.animation/Editor/Assets/SkinningModule/Icons/Dark/d_Edit_Geometry@2x.png using Guid(2d2e8c77fdf4f364c83224444f65fb4d) Importer(815301076,1909f56bfc062723c751e8b465ee728b)  -> (artifact id: '2f4c99177db3cf05cdcc812683cf1f7f') in 0.017142 seconds 
========================================================================
Received Import Request.
  Time since last request: 0.000024 seconds.
  path: Packages/com.unity.2d.animation/Editor/Assets/SkinningModule/Icons/Dark/d_Edit_Joints@2x.png
  artifactKey: Guid(eecbc6949fc2aac40bfe64caade7a594) Importer(815301076,1909f56bfc062723c751e8b465ee728b)
Start importing Packages/com.unity.2d.animation/Editor/Assets/SkinningModule/Icons/Dark/d_Edit_Joints@2x.png using Guid(eecbc6949fc2aac40bfe64caade7a594) Importer(815301076,1909f56bfc062723c751e8b465ee728b)  -> (artifact id: 'cd3b186d65e1118c506d0009053aa0a4') in 0.020236 seconds 
========================================================================
Received Import Request.
  Time since last request: 0.024343 seconds.
  path: Packages/com.unity.2d.animation/Editor/Assets/SkinningModule/Icons/Dark/d_Create Bones.png
  artifactKey: Guid(b4b58192a0265df4980d56bf9054df08) Importer(815301076,1909f56bfc062723c751e8b465ee728b)
Start importing Packages/com.unity.2d.animation/Editor/Assets/SkinningModule/Icons/Dark/d_Create Bones.png using Guid(b4b58192a0265df4980d56bf9054df08) Importer(815301076,1909f56bfc062723c751e8b465ee728b)  -> (artifact id: 'e6e08708fe5107cd7df5a54d30114b84') in 0.017472 seconds 
========================================================================
Received Import Request.
  Time since last request: 0.000023 seconds.
  path: Packages/com.unity.2d.animation/Editor/Assets/SkinningModule/Icons/Dark/d_Copy@2x.png
  artifactKey: Guid(312df9440efd5df4ea8f6c98591d6b96) Importer(815301076,1909f56bfc062723c751e8b465ee728b)
Start importing Packages/com.unity.2d.animation/Editor/Assets/SkinningModule/Icons/Dark/d_Copy@2x.png using Guid(312df9440efd5df4ea8f6c98591d6b96) Importer(815301076,1909f56bfc062723c751e8b465ee728b)  -> (artifact id: '96bbf7baa45e5cfc8b483fb264795dbc') in 0.018911 seconds 
========================================================================
Received Import Request.
  Time since last request: 0.000029 seconds.
  path: Packages/com.unity.2d.animation/Editor/Assets/SkinningModule/Icons/Dark/d_Create Bones@4x.png
  artifactKey: Guid(7e1aff9652c0dac418d9aa42f5f24dc2) Importer(815301076,1909f56bfc062723c751e8b465ee728b)
Start importing Packages/com.unity.2d.animation/Editor/Assets/SkinningModule/Icons/Dark/d_Create Bones@4x.png using Guid(7e1aff9652c0dac418d9aa42f5f24dc2) Importer(815301076,1909f56bfc062723c751e8b465ee728b)  -> (artifact id: '4686fa4aff6e393860ea180e6be01046') in 0.017547 seconds 
========================================================================
Received Import Request.
  Time since last request: 0.000024 seconds.
  path: Packages/com.unity.2d.animation/Editor/Assets/SkinningModule/Icons/Dark/d_Bone_Influence@3x.png
  artifactKey: Guid(56431fa7b1b21794baaf8d8e47c78bdb) Importer(815301076,1909f56bfc062723c751e8b465ee728b)
Start importing Packages/com.unity.2d.animation/Editor/Assets/SkinningModule/Icons/Dark/d_Bone_Influence@3x.png using Guid(56431fa7b1b21794baaf8d8e47c78bdb) Importer(815301076,1909f56bfc062723c751e8b465ee728b)  -> (artifact id: '7a97639f8a0996d567aaef2466cf51ed') in 0.018623 seconds 
========================================================================
Received Import Request.
  Time since last request: 0.000027 seconds.
  path: Packages/com.unity.2d.animation/Editor/Assets/SkinningModule/Icons/Dark/d_Bone_Influence@4x.png
  artifactKey: Guid(1e0f2b45945c8254abd59f40d783c11f) Importer(815301076,1909f56bfc062723c751e8b465ee728b)
Start importing Packages/com.unity.2d.animation/Editor/Assets/SkinningModule/Icons/Dark/d_Bone_Influence@4x.png using Guid(1e0f2b45945c8254abd59f40d783c11f) Importer(815301076,1909f56bfc062723c751e8b465ee728b)  -> (artifact id: 'd294e47927c0be86e2bbd88816ad76b5') in 0.016788 seconds 
========================================================================
Received Import Request.
  Time since last request: 0.000023 seconds.
  path: Packages/com.unity.2d.animation/Editor/Assets/SkinningModule/Icons/Dark/d_character_Mode@3x.png
  artifactKey: Guid(c22340e383b54c44196cb7765328e79d) Importer(815301076,1909f56bfc062723c751e8b465ee728b)
Start importing Packages/com.unity.2d.animation/Editor/Assets/SkinningModule/Icons/Dark/d_character_Mode@3x.png using Guid(c22340e383b54c44196cb7765328e79d) Importer(815301076,1909f56bfc062723c751e8b465ee728b)  -> (artifact id: '07d4102a46b28a045cf693f9607b9b9c') in 0.017799 seconds 
========================================================================
Received Import Request.
  Time since last request: 0.000022 seconds.
  path: Packages/com.unity.2d.animation/Editor/Assets/SkinningModule/Icons/Dark/d_Bone_Influence.png
  artifactKey: Guid(c037c4c58e8d8c34ca9bf121abb7ee49) Importer(815301076,1909f56bfc062723c751e8b465ee728b)
Start importing Packages/com.unity.2d.animation/Editor/Assets/SkinningModule/Icons/Dark/d_Bone_Influence.png using Guid(c037c4c58e8d8c34ca9bf121abb7ee49) Importer(815301076,1909f56bfc062723c751e8b465ee728b)  -> (artifact id: '5afc0a1e6e9d81602cd8065087be5a89') in 0.015412 seconds 
========================================================================
Received Import Request.
  Time since last request: 0.000023 seconds.
  path: Packages/com.unity.2d.animation/Editor/Assets/SkinningModule/Icons/Dark/d_Create_Edge@4x.png
  artifactKey: Guid(62053ed690017d143bd2cfa8e5dc3ff5) Importer(815301076,1909f56bfc062723c751e8b465ee728b)
Start importing Packages/com.unity.2d.animation/Editor/Assets/SkinningModule/Icons/Dark/d_Create_Edge@4x.png using Guid(62053ed690017d143bd2cfa8e5dc3ff5) Importer(815301076,1909f56bfc062723c751e8b465ee728b)  -> (artifact id: 'c7d0289335e491e06c6ceadee512446e') in 0.028221 seconds 
========================================================================
Received Import Request.
  Time since last request: 0.000022 seconds.
  path: Packages/com.unity.2d.animation/Editor/Assets/SkinningModule/Icons/Dark/d_Copy.png
  artifactKey: Guid(69fdfe6d8e206134a83223383472ff48) Importer(815301076,1909f56bfc062723c751e8b465ee728b)
Start importing Packages/com.unity.2d.animation/Editor/Assets/SkinningModule/Icons/Dark/d_Copy.png using Guid(69fdfe6d8e206134a83223383472ff48) Importer(815301076,1909f56bfc062723c751e8b465ee728b)  -> (artifact id: 'f74dec3b97f30fd519316eadc3a7ef08') in 0.026335 seconds 
========================================================================
Received Import Request.
  Time since last request: 0.000023 seconds.
  path: Packages/com.unity.2d.animation/Editor/Assets/SkinningModule/Icons/Dark/d_Bone_Influence@2x.png
  artifactKey: Guid(045a46ed7fd32804eb02dc411be96859) Importer(815301076,1909f56bfc062723c751e8b465ee728b)
Start importing Packages/com.unity.2d.animation/Editor/Assets/SkinningModule/Icons/Dark/d_Bone_Influence@2x.png using Guid(045a46ed7fd32804eb02dc411be96859) Importer(815301076,1909f56bfc062723c751e8b465ee728b)  -> (artifact id: 'a040ff92e311441871a36bd29c111e2b') in 0.024070 seconds 
========================================================================
Received Import Request.
  Time since last request: 0.000022 seconds.
  path: Packages/com.unity.2d.animation/Editor/Assets/SkinningModule/Icons/Dark/d_Create_Edge@3x.png
  artifactKey: Guid(9d68cf945428ac2448d4c657f30b31cc) Importer(815301076,1909f56bfc062723c751e8b465ee728b)
Start importing Packages/com.unity.2d.animation/Editor/Assets/SkinningModule/Icons/Dark/d_Create_Edge@3x.png using Guid(9d68cf945428ac2448d4c657f30b31cc) Importer(815301076,1909f56bfc062723c751e8b465ee728b)  -> (artifact id: '50bf84fe379ec6aaaa9a96486285ec7b') in 0.017740 seconds 
========================================================================
Received Import Request.
  Time since last request: 0.000027 seconds.
  path: Packages/com.unity.2d.animation/Editor/Assets/SkinningModule/Icons/Dark/d_Copy@3x.png
  artifactKey: Guid(3b5ad4dfc78124a489bb5c48a4b57195) Importer(815301076,1909f56bfc062723c751e8b465ee728b)
Start importing Packages/com.unity.2d.animation/Editor/Assets/SkinningModule/Icons/Dark/d_Copy@3x.png using Guid(3b5ad4dfc78124a489bb5c48a4b57195) Importer(815301076,1909f56bfc062723c751e8b465ee728b)  -> (artifact id: 'eb70c4c1354812d5c9f7139e61299f74') in 0.016835 seconds 
========================================================================
Received Import Request.
  Time since last request: 0.037214 seconds.
  path: Packages/com.unity.2d.animation/Editor/Assets/SkinningModule/Icons/Dark/d_Bone@2x.png
  artifactKey: Guid(17d971605cfbaea47b0d10b0b5dbc406) Importer(815301076,1909f56bfc062723c751e8b465ee728b)
Start importing Packages/com.unity.2d.animation/Editor/Assets/SkinningModule/Icons/Dark/d_Bone@2x.png using Guid(17d971605cfbaea47b0d10b0b5dbc406) Importer(815301076,1909f56bfc062723c751e8b465ee728b)  -> (artifact id: 'cd1abab16abe6002bd06e036aadc0bbb') in 0.018478 seconds 
========================================================================
Received Import Request.
  Time since last request: 0.000022 seconds.
  path: Packages/com.unity.2d.animation/Editor/Assets/SkinningModule/Icons/Selected/Create_Vertex@4x.png
  artifactKey: Guid(6a7ac9e8c26b12440bf2b1da2ca97794) Importer(815301076,1909f56bfc062723c751e8b465ee728b)
Start importing Packages/com.unity.2d.animation/Editor/Assets/SkinningModule/Icons/Selected/Create_Vertex@4x.png using Guid(6a7ac9e8c26b12440bf2b1da2ca97794) Importer(815301076,1909f56bfc062723c751e8b465ee728b)  -> (artifact id: '7c43414cac679b562db104fa5c14bc64') in 0.016585 seconds 
========================================================================
Received Import Request.
  Time since last request: 0.000019 seconds.
  path: Packages/com.unity.2d.animation/Editor/Assets/SkinningModule/Icons/Light/Create_Edge@4x.png
  artifactKey: Guid(1f21190ca9d1e8540b2a3a2e46002685) Importer(815301076,1909f56bfc062723c751e8b465ee728b)
Start importing Packages/com.unity.2d.animation/Editor/Assets/SkinningModule/Icons/Light/Create_Edge@4x.png using Guid(1f21190ca9d1e8540b2a3a2e46002685) Importer(815301076,1909f56bfc062723c751e8b465ee728b)  -> (artifact id: '817792294dcef10e98c7f5c4e901d06c') in 0.021314 seconds 
========================================================================
Received Import Request.
  Time since last request: 0.000021 seconds.
  path: Packages/com.unity.2d.animation/Editor/Assets/SkinningModule/Icons/Light/Create_Vertex@2x.png
  artifactKey: Guid(a0c33b3a6e0728343b29883d739f1322) Importer(815301076,1909f56bfc062723c751e8b465ee728b)
Start importing Packages/com.unity.2d.animation/Editor/Assets/SkinningModule/Icons/Light/Create_Vertex@2x.png using Guid(a0c33b3a6e0728343b29883d739f1322) Importer(815301076,1909f56bfc062723c751e8b465ee728b)  -> (artifact id: 'e3327910fa36002dc2438f6435cd88ad') in 0.017377 seconds 
========================================================================
Received Import Request.
  Time since last request: 0.000023 seconds.
  path: Packages/com.unity.2d.animation/Editor/Assets/SkinningModule/Icons/Selected/d_Bone@4x.png
  artifactKey: Guid(1bb69cd91685d9248a58b144052746f3) Importer(815301076,1909f56bfc062723c751e8b465ee728b)
Start importing Packages/com.unity.2d.animation/Editor/Assets/SkinningModule/Icons/Selected/d_Bone@4x.png using Guid(1bb69cd91685d9248a58b144052746f3) Importer(815301076,1909f56bfc062723c751e8b465ee728b)  -> (artifact id: 'a2896d41a7556d716232d9baac96d3dd') in 0.016659 seconds 
========================================================================
Received Import Request.
  Time since last request: 0.000021 seconds.
  path: Packages/com.unity.2d.animation/Editor/Assets/SkinningModule/Icons/Selected/Create_Vertex.png
  artifactKey: Guid(e7ddb9213511d984f8b951a7c913d83a) Importer(815301076,1909f56bfc062723c751e8b465ee728b)
Start importing Packages/com.unity.2d.animation/Editor/Assets/SkinningModule/Icons/Selected/Create_Vertex.png using Guid(e7ddb9213511d984f8b951a7c913d83a) Importer(815301076,1909f56bfc062723c751e8b465ee728b)  -> (artifact id: '8fb15af418dcbf879e4b2147e089115e') in 0.016449 seconds 
========================================================================
Received Import Request.
  Time since last request: 0.000024 seconds.
  path: Packages/com.unity.2d.animation/Editor/Assets/SkinningModule/Icons/Dark/d_Bone.png
  artifactKey: Guid(fc2eaf4b0441b7645960252182c27446) Importer(815301076,1909f56bfc062723c751e8b465ee728b)
Start importing Packages/com.unity.2d.animation/Editor/Assets/SkinningModule/Icons/Dark/d_Bone.png using Guid(fc2eaf4b0441b7645960252182c27446) Importer(815301076,1909f56bfc062723c751e8b465ee728b)  -> (artifact id: 'a0bb9219beaf68a4dd5b142377b51386') in 0.015862 seconds 
========================================================================
Received Import Request.
  Time since last request: 0.000029 seconds.
  path: Packages/com.unity.2d.animation/Editor/Assets/SkinningModule/Icons/Selected/Create_Edge@4x.png
  artifactKey: Guid(3458c119c69e9bc4f9647599c2901dee) Importer(815301076,1909f56bfc062723c751e8b465ee728b)
Start importing Packages/com.unity.2d.animation/Editor/Assets/SkinningModule/Icons/Selected/Create_Edge@4x.png using Guid(3458c119c69e9bc4f9647599c2901dee) Importer(815301076,1909f56bfc062723c751e8b465ee728b)  -> (artifact id: 'd14fd75d212399d9057fd9df324738a7') in 0.020247 seconds 
========================================================================
Received Import Request.
  Time since last request: 0.000023 seconds.
  path: Packages/com.unity.2d.animation/Editor/Assets/SkinningModule/Icons/Light/Create_Edge@3x.png
  artifactKey: Guid(0da63bf69e254aa4a83c345c3de497c8) Importer(815301076,1909f56bfc062723c751e8b465ee728b)
Start importing Packages/com.unity.2d.animation/Editor/Assets/SkinningModule/Icons/Light/Create_Edge@3x.png using Guid(0da63bf69e254aa4a83c345c3de497c8) Importer(815301076,1909f56bfc062723c751e8b465ee728b)  -> (artifact id: '5b37ac8c9c714a7557bfcb56c8f86bfa') in 0.018703 seconds 
========================================================================
Received Import Request.
  Time since last request: 0.114133 seconds.
  path: Packages/com.unity.2d.animation/Editor/Assets/SkinningModule/Icons/Selected/Create_Edge.png
  artifactKey: Guid(ad7b296d426713b4593ee1a19fcbf9d1) Importer(815301076,1909f56bfc062723c751e8b465ee728b)
Start importing Packages/com.unity.2d.animation/Editor/Assets/SkinningModule/Icons/Selected/Create_Edge.png using Guid(ad7b296d426713b4593ee1a19fcbf9d1) Importer(815301076,1909f56bfc062723c751e8b465ee728b)  -> (artifact id: 'e896aebf5b9bf199c3e8098da563d3ea') in 0.017332 seconds 
========================================================================
Received Import Request.
  Time since last request: 0.000030 seconds.
  path: Packages/com.unity.2d.animation/Editor/Assets/SkinningModule/Icons/Selected/Create Bones@4x.png
  artifactKey: Guid(61ac40b257b3a994f841856ad38b2b6b) Importer(815301076,1909f56bfc062723c751e8b465ee728b)
Start importing Packages/com.unity.2d.animation/Editor/Assets/SkinningModule/Icons/Selected/Create Bones@4x.png using Guid(61ac40b257b3a994f841856ad38b2b6b) Importer(815301076,1909f56bfc062723c751e8b465ee728b)  -> (artifact id: 'a9ec63107e8f3e66b9def11469e2c636') in 0.018493 seconds 
========================================================================
Received Import Request.
  Time since last request: 0.000023 seconds.
  path: Packages/com.unity.2d.animation/Editor/Assets/SkinningModule/Icons/Selected/Create Bones.png
  artifactKey: Guid(7b86a539750e1a44ca7ec5b7f690babd) Importer(815301076,1909f56bfc062723c751e8b465ee728b)
Start importing Packages/com.unity.2d.animation/Editor/Assets/SkinningModule/Icons/Selected/Create Bones.png using Guid(7b86a539750e1a44ca7ec5b7f690babd) Importer(815301076,1909f56bfc062723c751e8b465ee728b)  -> (artifact id: 'f3813925d9c5befee5ac491d986d8786') in 0.016772 seconds 
========================================================================
Received Import Request.
  Time since last request: 0.000031 seconds.
  path: Packages/com.unity.2d.animation/Editor/Assets/SkinningModule/Icons/Selected/character_Mode@4x.png
  artifactKey: Guid(0ccc508108fa6ed4fa11b4a467d7f609) Importer(815301076,1909f56bfc062723c751e8b465ee728b)
Start importing Packages/com.unity.2d.animation/Editor/Assets/SkinningModule/Icons/Selected/character_Mode@4x.png using Guid(0ccc508108fa6ed4fa11b4a467d7f609) Importer(815301076,1909f56bfc062723c751e8b465ee728b)  -> (artifact id: '60ac33e530f986d1b6109f1af3f803d4') in 0.018282 seconds 
========================================================================
Received Import Request.
  Time since last request: 0.000018 seconds.
  path: Packages/com.unity.2d.animation/Editor/Assets/SkinningModule/Icons/Selected/character_Mode@3x.png
  artifactKey: Guid(dcea51d6065d64246aeec467afeff684) Importer(815301076,1909f56bfc062723c751e8b465ee728b)
Start importing Packages/com.unity.2d.animation/Editor/Assets/SkinningModule/Icons/Selected/character_Mode@3x.png using Guid(dcea51d6065d64246aeec467afeff684) Importer(815301076,1909f56bfc062723c751e8b465ee728b)  -> (artifact id: 'c64a003bac32c2afb09e21e186f4e75c') in 0.020001 seconds 
========================================================================
Received Import Request.
  Time since last request: 0.000023 seconds.
  path: Packages/com.unity.2d.animation/Editor/Assets/SkinningModule/Icons/Light/Create_Edge.png
  artifactKey: Guid(1af9d2e44ecf3a2468601c9071df581f) Importer(815301076,1909f56bfc062723c751e8b465ee728b)
Start importing Packages/com.unity.2d.animation/Editor/Assets/SkinningModule/Icons/Light/Create_Edge.png using Guid(1af9d2e44ecf3a2468601c9071df581f) Importer(815301076,1909f56bfc062723c751e8b465ee728b)  -> (artifact id: 'ec134490088b951b3b75156080b3329f') in 0.015322 seconds 
========================================================================
Received Import Request.
  Time since last request: 0.000023 seconds.
  path: Packages/com.unity.2d.animation/Editor/Assets/SkinningModule/Icons/Light/Copy@4x.png
  artifactKey: Guid(5430b5412bcac5b4986be0a875a5e978) Importer(815301076,1909f56bfc062723c751e8b465ee728b)
Start importing Packages/com.unity.2d.animation/Editor/Assets/SkinningModule/Icons/Light/Copy@4x.png using Guid(5430b5412bcac5b4986be0a875a5e978) Importer(815301076,1909f56bfc062723c751e8b465ee728b)  -> (artifact id: 'c51901d48a1791d2a60508a921b5d7d3') in 0.015994 seconds 
========================================================================
Received Import Request.
  Time since last request: 0.000019 seconds.
  path: Packages/com.unity.2d.animation/Editor/Assets/SkinningModule/Icons/Selected/Create_Edge@3x.png
  artifactKey: Guid(374643871a39dd44880f1c0eff14f46c) Importer(815301076,1909f56bfc062723c751e8b465ee728b)
Start importing Packages/com.unity.2d.animation/Editor/Assets/SkinningModule/Icons/Selected/Create_Edge@3x.png using Guid(374643871a39dd44880f1c0eff14f46c) Importer(815301076,1909f56bfc062723c751e8b465ee728b)  -> (artifact id: '44123e7695f59b55890dd335cc1bbfc7') in 0.016494 seconds 
========================================================================
Received Import Request.
  Time since last request: 0.000021 seconds.
  path: Packages/com.unity.2d.animation/Editor/Assets/SkinningModule/Icons/Light/Create_Edge@2x.png
  artifactKey: Guid(3b4e88f5705085042a95960cdcef2561) Importer(815301076,1909f56bfc062723c751e8b465ee728b)
Start importing Packages/com.unity.2d.animation/Editor/Assets/SkinningModule/Icons/Light/Create_Edge@2x.png using Guid(3b4e88f5705085042a95960cdcef2561) Importer(815301076,1909f56bfc062723c751e8b465ee728b)  -> (artifact id: '69fe2b56b47c45a3ca7c4e7f6ef92d2e') in 0.016929 seconds 
========================================================================
Received Import Request.
  Time since last request: 0.000019 seconds.
  path: Packages/com.unity.2d.animation/Editor/Assets/SkinningModule/Icons/Light/Copy@3x.png
  artifactKey: Guid(55ad4b6109677be42b239f450ce98c29) Importer(815301076,1909f56bfc062723c751e8b465ee728b)
Start importing Packages/com.unity.2d.animation/Editor/Assets/SkinningModule/Icons/Light/Copy@3x.png using Guid(55ad4b6109677be42b239f450ce98c29) Importer(815301076,1909f56bfc062723c751e8b465ee728b)  -> (artifact id: 'c7fd68bfb2b47fe1512febe7e9ef0cf6') in 0.015895 seconds 
========================================================================
Received Import Request.
  Time since last request: 0.000019 seconds.
  path: Packages/com.unity.2d.animation/Editor/Assets/SkinningModule/Icons/Selected/Copy@2x.png
  artifactKey: Guid(6cc5103edc9f0dd4f80e8274c73dfeac) Importer(815301076,1909f56bfc062723c751e8b465ee728b)
Start importing Packages/com.unity.2d.animation/Editor/Assets/SkinningModule/Icons/Selected/Copy@2x.png using Guid(6cc5103edc9f0dd4f80e8274c73dfeac) Importer(815301076,1909f56bfc062723c751e8b465ee728b)  -> (artifact id: 'ed58988af0628ade97907c7da8637f32') in 0.017202 seconds 
========================================================================
Received Import Request.
  Time since last request: 0.000019 seconds.
  path: Packages/com.unity.2d.animation/Editor/Assets/SkinningModule/Icons/Selected/Create Bones@2x.png
  artifactKey: Guid(5b7f664b515582d458717c354f6be292) Importer(815301076,1909f56bfc062723c751e8b465ee728b)
Start importing Packages/com.unity.2d.animation/Editor/Assets/SkinningModule/Icons/Selected/Create Bones@2x.png using Guid(5b7f664b515582d458717c354f6be292) Importer(815301076,1909f56bfc062723c751e8b465ee728b)  -> (artifact id: '4b345f66041c97f175d63b8b727bf9a1') in 0.015207 seconds 
========================================================================
Received Import Request.
  Time since last request: 0.113878 seconds.
  path: Packages/com.unity.2d.animation/Editor/Assets/SkinningModule/Icons/Selected/character_Mode.png
  artifactKey: Guid(e60718119cec31e4190849292fcde068) Importer(815301076,1909f56bfc062723c751e8b465ee728b)
Start importing Packages/com.unity.2d.animation/Editor/Assets/SkinningModule/Icons/Selected/character_Mode.png using Guid(e60718119cec31e4190849292fcde068) Importer(815301076,1909f56bfc062723c751e8b465ee728b)  -> (artifact id: '2cd33ad77dcbd70d05f1723ee32c2472') in 0.016365 seconds 
========================================================================
Received Import Request.
  Time since last request: 0.000028 seconds.
  path: Packages/com.unity.2d.animation/Editor/Assets/SkinningModule/Icons/Selected/Bone_Influence@4x.png
  artifactKey: Guid(daf2ab606d4db0d4f9ecf4c02137d2a8) Importer(815301076,1909f56bfc062723c751e8b465ee728b)
Start importing Packages/com.unity.2d.animation/Editor/Assets/SkinningModule/Icons/Selected/Bone_Influence@4x.png using Guid(daf2ab606d4db0d4f9ecf4c02137d2a8) Importer(815301076,1909f56bfc062723c751e8b465ee728b)  -> (artifact id: '88c4853ab91be87a176dbca97e2ca9cc') in 0.019395 seconds 
========================================================================
Received Import Request.
  Time since last request: 0.000021 seconds.
  path: Packages/com.unity.2d.animation/Editor/Assets/SkinningModule/Icons/Light/character_Mode@2x.png
  artifactKey: Guid(25096ce515c063c48a2bd6b108c95912) Importer(815301076,1909f56bfc062723c751e8b465ee728b)
Start importing Packages/com.unity.2d.animation/Editor/Assets/SkinningModule/Icons/Light/character_Mode@2x.png using Guid(25096ce515c063c48a2bd6b108c95912) Importer(815301076,1909f56bfc062723c751e8b465ee728b)  -> (artifact id: 'b0a63af08d7b36d2c858d4ccdb8c2ea6') in 0.017369 seconds 
========================================================================
Received Import Request.
  Time since last request: 0.000021 seconds.
  path: Packages/com.unity.2d.animation/Editor/Assets/SkinningModule/Icons/Light/Bone_Influence@2x.png
  artifactKey: Guid(7395bf0bc3cc40e4ab2dda5ec6832261) Importer(815301076,1909f56bfc062723c751e8b465ee728b)
Start importing Packages/com.unity.2d.animation/Editor/Assets/SkinningModule/Icons/Light/Bone_Influence@2x.png using Guid(7395bf0bc3cc40e4ab2dda5ec6832261) Importer(815301076,1909f56bfc062723c751e8b465ee728b)  -> (artifact id: '4e8e74d216015faaf04621d7b3333c41') in 0.016918 seconds 
========================================================================
Received Import Request.
  Time since last request: 0.000019 seconds.
  path: Assets/Rhythm Game Tutorial/Graphics/Buttons_Red.png
  artifactKey: Guid(1bbda9210988dfd4db252a09838d254f) Importer(815301076,1909f56bfc062723c751e8b465ee728b)
Start importing Assets/Rhythm Game Tutorial/Graphics/Buttons_Red.png using Guid(1bbda9210988dfd4db252a09838d254f) Importer(815301076,1909f56bfc062723c751e8b465ee728b)  -> (artifact id: '191f5a4bcc432fac351719646d946516') in 0.025943 seconds 
========================================================================
Received Import Request.
  Time since last request: 0.000023 seconds.
  path: Packages/com.unity.2d.animation/Editor/Assets/SkinningModule/Icons/Light/Bone_Influence@4x.png
  artifactKey: Guid(c7aa62ae78ffca0498c89e5f45f94c0e) Importer(815301076,1909f56bfc062723c751e8b465ee728b)
Start importing Packages/com.unity.2d.animation/Editor/Assets/SkinningModule/Icons/Light/Bone_Influence@4x.png using Guid(c7aa62ae78ffca0498c89e5f45f94c0e) Importer(815301076,1909f56bfc062723c751e8b465ee728b)  -> (artifact id: '8205a9f5641c2d8da1131205089e9a51') in 0.025681 seconds 
========================================================================
Received Import Request.
  Time since last request: 0.000033 seconds.
  path: Assets/Images/Button row/PNG/ButtonRow.png
  artifactKey: Guid(4b94e91b0534830489db98fc5cf0d506) Importer(815301076,1909f56bfc062723c751e8b465ee728b)
Start importing Assets/Images/Button row/PNG/ButtonRow.png using Guid(4b94e91b0534830489db98fc5cf0d506) Importer(815301076,1909f56bfc062723c751e8b465ee728b)  -> (artifact id: 'bb3fc8142993c38da9fca4878b499da1') in 0.040503 seconds 
========================================================================
Received Import Request.
  Time since last request: 0.000021 seconds.
  path: Packages/com.unity.2d.animation/Editor/Assets/SkinningModule/Icons/Selected/Bone_Influence@2x.png
  artifactKey: Guid(0779ad3feec52124e97114bcbb12ef13) Importer(815301076,1909f56bfc062723c751e8b465ee728b)
Start importing Packages/com.unity.2d.animation/Editor/Assets/SkinningModule/Icons/Selected/Bone_Influence@2x.png using Guid(0779ad3feec52124e97114bcbb12ef13) Importer(815301076,1909f56bfc062723c751e8b465ee728b)  -> (artifact id: '2b72e316f1bfb35e4daa3fe452a2378b') in 0.016256 seconds 
========================================================================
Received Import Request.
  Time since last request: 0.000020 seconds.
  path: Assets/Rhythm Game Tutorial/Graphics/Buttons_Blue_Pressed.png
  artifactKey: Guid(18bf226de2d59284e904c26430f659c9) Importer(815301076,1909f56bfc062723c751e8b465ee728b)
Start importing Assets/Rhythm Game Tutorial/Graphics/Buttons_Blue_Pressed.png using Guid(18bf226de2d59284e904c26430f659c9) Importer(815301076,1909f56bfc062723c751e8b465ee728b)  -> (artifact id: '068a65574b09123aa58338d7471b863f') in 0.022553 seconds 
========================================================================
Received Import Request.
  Time since last request: 0.000024 seconds.
  path: Packages/com.unity.2d.animation/Editor/Assets/SkinningModule/Icons/Light/Bone_Influence@3x.png
  artifactKey: Guid(cee9dbe90b270c944ae1dabf41c93b10) Importer(815301076,1909f56bfc062723c751e8b465ee728b)
Start importing Packages/com.unity.2d.animation/Editor/Assets/SkinningModule/Icons/Light/Bone_Influence@3x.png using Guid(cee9dbe90b270c944ae1dabf41c93b10) Importer(815301076,1909f56bfc062723c751e8b465ee728b)  -> (artifact id: 'f130aeb080f8c23b3210efdae4c3f83a') in 0.015967 seconds 
========================================================================
Received Import Request.
  Time since last request: 0.000019 seconds.
  path: Assets/Rhythm Game Tutorial/Graphics/Buttons_Yellow.png
  artifactKey: Guid(ed2984e24d5df6f46a80ead6ad2964fa) Importer(815301076,1909f56bfc062723c751e8b465ee728b)
Start importing Assets/Rhythm Game Tutorial/Graphics/Buttons_Yellow.png using Guid(ed2984e24d5df6f46a80ead6ad2964fa) Importer(815301076,1909f56bfc062723c751e8b465ee728b)  -> (artifact id: '050b8eb89e28c1027a43a919f9dce458') in 0.022654 seconds 
========================================================================
Received Import Request.
  Time since last request: 0.000021 seconds.
  path: Assets/Rhythm Game Tutorial/Graphics/Buttons_Blue.png
  artifactKey: Guid(ad187f74f2d0cc4499f39a0267b9eda8) Importer(815301076,1909f56bfc062723c751e8b465ee728b)
Start importing Assets/Rhythm Game Tutorial/Graphics/Buttons_Blue.png using Guid(ad187f74f2d0cc4499f39a0267b9eda8) Importer(815301076,1909f56bfc062723c751e8b465ee728b)  -> (artifact id: 'bf7735066d28503d90cee19a324005b1') in 0.023091 seconds 
========================================================================
Received Import Request.
  Time since last request: 0.060328 seconds.
  path: Assets/Images/Button row/PNG/BlueSlider.png
  artifactKey: Guid(c8f9c463249c8c748a274f648ec70f7e) Importer(815301076,1909f56bfc062723c751e8b465ee728b)
Start importing Assets/Images/Button row/PNG/BlueSlider.png using Guid(c8f9c463249c8c748a274f648ec70f7e) Importer(815301076,1909f56bfc062723c751e8b465ee728b)  -> (artifact id: '3a0db1980df7fef41ef3bbd5dc608125') in 0.080751 seconds 
========================================================================
Received Import Request.
  Time since last request: 3.211732 seconds.
  path: Assets/Images/upAreaUInf.png
  artifactKey: Guid(3717e09dbfa5127429e495e86cc64ece) Importer(815301076,1909f56bfc062723c751e8b465ee728b)
Start importing Assets/Images/upAreaUInf.png using Guid(3717e09dbfa5127429e495e86cc64ece) Importer(815301076,1909f56bfc062723c751e8b465ee728b)  -> (artifact id: '5eb299db5c3d9955efd5fe921c88e446') in 0.066005 seconds 
========================================================================
Received Import Request.
  Time since last request: 0.000019 seconds.
  path: Packages/com.unity.2d.animation/Editor/Assets/SkinningModule/Icons/Selected/Visibility_Tool@2x.png
  artifactKey: Guid(ef9977ed07c438845a52c577f4ffcc3a) Importer(815301076,1909f56bfc062723c751e8b465ee728b)
Start importing Packages/com.unity.2d.animation/Editor/Assets/SkinningModule/Icons/Selected/Visibility_Tool@2x.png using Guid(ef9977ed07c438845a52c577f4ffcc3a) Importer(815301076,1909f56bfc062723c751e8b465ee728b)  -> (artifact id: 'd05b76c1fdfe5eb33046c314df05297e') in 0.017694 seconds 
========================================================================
Received Import Request.
  Time since last request: 0.000025 seconds.
  path: Packages/com.unity.2d.animation/Editor/Assets/SkinningModule/Icons/Selected/Weight_Brush@4x.png
  artifactKey: Guid(48464cd53bb3c604f999e7d3f15e8d09) Importer(815301076,1909f56bfc062723c751e8b465ee728b)
Start importing Packages/com.unity.2d.animation/Editor/Assets/SkinningModule/Icons/Selected/Weight_Brush@4x.png using Guid(48464cd53bb3c604f999e7d3f15e8d09) Importer(815301076,1909f56bfc062723c751e8b465ee728b)  -> (artifact id: '272a9a1d2fceed8907fd8c0350299c86') in 0.017890 seconds 
========================================================================
Received Import Request.
  Time since last request: 0.000030 seconds.
  path: Packages/com.unity.2d.animation/Editor/Assets/SkinningModule/Icons/Light/Visibility_Hidded.png
  artifactKey: Guid(a20f7223e2252fc4d813fc92d0f3a614) Importer(815301076,1909f56bfc062723c751e8b465ee728b)
Start importing Packages/com.unity.2d.animation/Editor/Assets/SkinningModule/Icons/Light/Visibility_Hidded.png using Guid(a20f7223e2252fc4d813fc92d0f3a614) Importer(815301076,1909f56bfc062723c751e8b465ee728b)  -> (artifact id: 'd2d41f91b3f68bc95e006e0588397aa6') in 0.017630 seconds 
========================================================================
Received Import Request.
  Time since last request: 0.000035 seconds.
  path: Packages/com.unity.2d.animation/Editor/Assets/SkinningModule/Icons/Light/Weight_Brush.png
  artifactKey: Guid(9d026c034cfd40746a436496efe2dd7f) Importer(815301076,1909f56bfc062723c751e8b465ee728b)
Start importing Packages/com.unity.2d.animation/Editor/Assets/SkinningModule/Icons/Light/Weight_Brush.png using Guid(9d026c034cfd40746a436496efe2dd7f) Importer(815301076,1909f56bfc062723c751e8b465ee728b)  -> (artifact id: 'ff9ddd0e7cef72171b9ffa5af8d080c6') in 0.019923 seconds 
========================================================================
Received Import Request.
  Time since last request: 0.000037 seconds.
  path: Packages/com.unity.2d.animation/Editor/Assets/SkinningModule/Icons/Selected/Weight_Slider@4x.png
  artifactKey: Guid(ac47ed8ccc79cf04dae198b9cc5b3a6f) Importer(815301076,1909f56bfc062723c751e8b465ee728b)
Start importing Packages/com.unity.2d.animation/Editor/Assets/SkinningModule/Icons/Selected/Weight_Slider@4x.png using Guid(ac47ed8ccc79cf04dae198b9cc5b3a6f) Importer(815301076,1909f56bfc062723c751e8b465ee728b)  -> (artifact id: '00c220680e09df004272e5a6ac73296c') in 0.018475 seconds 
========================================================================
Received Import Request.
  Time since last request: 0.000022 seconds.
  path: Packages/com.unity.2d.animation/Editor/Assets/SkinningModule/Icons/Light/Weight_Brush@4x.png
  artifactKey: Guid(3dd5e5c693a816e4f96b869f6465955b) Importer(815301076,1909f56bfc062723c751e8b465ee728b)
Start importing Packages/com.unity.2d.animation/Editor/Assets/SkinningModule/Icons/Light/Weight_Brush@4x.png using Guid(3dd5e5c693a816e4f96b869f6465955b) Importer(815301076,1909f56bfc062723c751e8b465ee728b)  -> (artifact id: '1a7325ecf2efbba4b4dec24f245f0082') in 0.019319 seconds 
========================================================================
Received Import Request.
  Time since last request: 0.000030 seconds.
  path: Packages/com.unity.2d.animation/Editor/Assets/SkinningModule/Icons/Selected/Weight_Slider@3x.png
  artifactKey: Guid(af73899d5803d99448134360f184f348) Importer(815301076,1909f56bfc062723c751e8b465ee728b)
Start importing Packages/com.unity.2d.animation/Editor/Assets/SkinningModule/Icons/Selected/Weight_Slider@3x.png using Guid(af73899d5803d99448134360f184f348) Importer(815301076,1909f56bfc062723c751e8b465ee728b)  -> (artifact id: '2ea65328ed21ebdab91358a3b0d2c47b') in 0.021936 seconds 
========================================================================
Received Import Request.
  Time since last request: 0.000021 seconds.
  path: Packages/com.unity.2d.animation/Editor/Assets/SkinningModule/Icons/Light/Weight_Slider@4x.png
  artifactKey: Guid(4e494ad3b858ecf4fab63aae9075d43d) Importer(815301076,1909f56bfc062723c751e8b465ee728b)
Start importing Packages/com.unity.2d.animation/Editor/Assets/SkinningModule/Icons/Light/Weight_Slider@4x.png using Guid(4e494ad3b858ecf4fab63aae9075d43d) Importer(815301076,1909f56bfc062723c751e8b465ee728b)  -> (artifact id: '30912e166a5ed5c42168ba9da3714895') in 0.017199 seconds 
========================================================================
Received Import Request.
  Time since last request: 0.000027 seconds.
  path: Packages/com.unity.2d.animation/Editor/Assets/SkinningModule/Icons/Light/Visibility_Tool.png
  artifactKey: Guid(1e7c59239d2a59140b34f39ea6d4d44c) Importer(815301076,1909f56bfc062723c751e8b465ee728b)
Start importing Packages/com.unity.2d.animation/Editor/Assets/SkinningModule/Icons/Light/Visibility_Tool.png using Guid(1e7c59239d2a59140b34f39ea6d4d44c) Importer(815301076,1909f56bfc062723c751e8b465ee728b)  -> (artifact id: '9b3ed9e787bffe0320542ba63eeca953') in 0.020203 seconds 
========================================================================
Received Import Request.
  Time since last request: 0.000037 seconds.
  path: Packages/com.unity.2d.animation/Editor/Assets/SkinningModule/Icons/Light/Weight_Slider@2x.png
  artifactKey: Guid(6306a4776b130304bba7a139fc1d2bb8) Importer(815301076,1909f56bfc062723c751e8b465ee728b)
Start importing Packages/com.unity.2d.animation/Editor/Assets/SkinningModule/Icons/Light/Weight_Slider@2x.png using Guid(6306a4776b130304bba7a139fc1d2bb8) Importer(815301076,1909f56bfc062723c751e8b465ee728b)  -> (artifact id: '78f069a547174a015ec481b35f55f33a') in 0.018969 seconds 
========================================================================
Received Import Request.
  Time since last request: 0.000022 seconds.
  path: Packages/com.unity.2d.animation/Editor/Assets/SkinningModule/Icons/Light/Visibility_Tool@3x.png
  artifactKey: Guid(ec23e33668eecff4aaec16f735dcc204) Importer(815301076,1909f56bfc062723c751e8b465ee728b)
Start importing Packages/com.unity.2d.animation/Editor/Assets/SkinningModule/Icons/Light/Visibility_Tool@3x.png using Guid(ec23e33668eecff4aaec16f735dcc204) Importer(815301076,1909f56bfc062723c751e8b465ee728b)  -> (artifact id: '5c1d235aa72c0a150bb969036011f664') in 0.017680 seconds 
========================================================================
Received Import Request.
  Time since last request: 0.000021 seconds.
  path: Packages/com.unity.2d.animation/Editor/Assets/SkinningModule/Icons/Light/Weight_Slider@3x.png
  artifactKey: Guid(ec8214d7d416a8746bb342b71e8e4269) Importer(815301076,1909f56bfc062723c751e8b465ee728b)
Start importing Packages/com.unity.2d.animation/Editor/Assets/SkinningModule/Icons/Light/Weight_Slider@3x.png using Guid(ec8214d7d416a8746bb342b71e8e4269) Importer(815301076,1909f56bfc062723c751e8b465ee728b)  -> (artifact id: '8d41800a1af5cae45e8187882bddee8c') in 0.016809 seconds 
========================================================================
Received Import Request.
  Time since last request: 0.000029 seconds.
  path: Assets/Images/Button row/PNG/YellowButtonPressed.png
  artifactKey: Guid(eedcdc9639559c24e866aa47bd3d19dc) Importer(815301076,1909f56bfc062723c751e8b465ee728b)
Start importing Assets/Images/Button row/PNG/YellowButtonPressed.png using Guid(eedcdc9639559c24e866aa47bd3d19dc) Importer(815301076,1909f56bfc062723c751e8b465ee728b)  -> (artifact id: '39a156da00254c376569220df069c7e9') in 0.076447 seconds 
========================================================================
Received Import Request.
  Time since last request: 0.000029 seconds.
  path: Packages/com.unity.2d.animation/Editor/Assets/SkinningModule/Icons/Light/Visibility_Hidded@4x.png
  artifactKey: Guid(f469f8253737d534ca7809ae6f0d2422) Importer(815301076,1909f56bfc062723c751e8b465ee728b)
Start importing Packages/com.unity.2d.animation/Editor/Assets/SkinningModule/Icons/Light/Visibility_Hidded@4x.png using Guid(f469f8253737d534ca7809ae6f0d2422) Importer(815301076,1909f56bfc062723c751e8b465ee728b)  -> (artifact id: '8f04a5b1248f88e47e378ada87af9193') in 0.020056 seconds 
========================================================================
Received Import Request.
  Time since last request: 0.000032 seconds.
  path: Packages/com.unity.2d.animation/Editor/Assets/SkinningModule/Icons/Selected/Weight_Slider@2x.png
  artifactKey: Guid(7f64a6e091143c0458506b559165cf72) Importer(815301076,1909f56bfc062723c751e8b465ee728b)
Start importing Packages/com.unity.2d.animation/Editor/Assets/SkinningModule/Icons/Selected/Weight_Slider@2x.png using Guid(7f64a6e091143c0458506b559165cf72) Importer(815301076,1909f56bfc062723c751e8b465ee728b)  -> (artifact id: '919af730da9ebd60ddfdca2955f14121') in 0.016052 seconds 
========================================================================
Received Prepare
Registering precompiled user dll's ...
Registered in 0.020509 seconds.
Begin MonoManager ReloadAssembly
Native extension for UWP target not found
Native extension for WindowsStandalone target not found
Native extension for Android target not found
Refreshing native plugins compatible for Editor in 0.92 ms, found 4 plugins.
Preloading 0 native plugins for Editor in 0.00 ms.
Mono: successfully reloaded assembly
- Completed reload, in  2.133 seconds
Domain Reload Profiling:
	ReloadAssembly (2134ms)
		BeginReloadAssembly (287ms)
			ExecutionOrderSort (0ms)
			DisableScriptedObjects (7ms)
			BackupInstance (0ms)
			ReleaseScriptingObjects (0ms)
			CreateAndSetChildDomain (50ms)
		EndReloadAssembly (1639ms)
			LoadAssemblies (244ms)
			RebuildTransferFunctionScriptingTraits (0ms)
			SetupTypeCache (380ms)
			ReleaseScriptCaches (2ms)
			RebuildScriptCaches (73ms)
			SetupLoadedEditorAssemblies (909ms)
				LogAssemblyErrors (0ms)
				InitializePlatformSupportModulesInManaged (53ms)
				SetLoadedEditorAssemblies (1ms)
				RefreshPlugins (1ms)
				BeforeProcessingInitializeOnLoad (194ms)
				ProcessInitializeOnLoadAttributes (564ms)
				ProcessInitializeOnLoadMethodAttributes (44ms)
				AfterProcessingInitializeOnLoad (51ms)
				EditorAssembliesLoaded (0ms)
			ExecutionOrderSort2 (0ms)
			AwakeInstancesAfterBackupRestoration (21ms)
Platform modules already initialized, skipping
Refreshing native plugins compatible for Editor in 7.12 ms, found 4 plugins.
Preloading 0 native plugins for Editor in 0.00 ms.
Unloading 3236 Unused Serialized files (Serialized files now loaded: 0)
Unloading 38 unused Assets / (1.6 MB). Loaded Objects now: 3878.
Memory consumption went from 151.4 MB to 149.7 MB.
Total: 4.071100 ms (FindLiveObjects: 0.306900 ms CreateObjectMapping: 0.190600 ms MarkObjects: 3.141200 ms  DeleteObjects: 0.430700 ms)

AssetImportParameters requested are different than current active one (requested -> active):
  custom:video-decoder-ogg-theora: a1e56fd34408186e4bbccfd4996cb3dc -> 
  custom:container-muxer-webm: aa71ff27fc2769a1b78a27578f13a17b -> 
  custom:container-demuxer-webm: 4f35f7cbe854078d1ac9338744f61a02 -> 
  custom:video-encoder-webm-vp8: eb34c28f22e8b96e1ab97ce403110664 -> 
  custom:audio-encoder-webm-vorbis: bf7c407c2cedff20999df2af8eb42d56 -> 
  custom:framework-win-MediaFoundation: 216162199b28c13a410421893ffa2e32 -> 
  custom:container-demuxer-ogg: 62fdf1f143b41e24485cea50d1cbac27 -> 
  custom:video-decoder-webm-vp8: 9c59270c3fd7afecdb556c50c9e8de78 -> 
  custom:audio-decoder-ogg-vorbis: bf7c407c2cedff20999df2af8eb42d56 -> 
========================================================================
Received Import Request.
  Time since last request: 51.853087 seconds.
  path: Assets/Materials/NoteBall_D.mat
  artifactKey: Guid(00a9f6a9d38cafd468fe5af805cf413e) Importer(815301076,1909f56bfc062723c751e8b465ee728b)
Start importing Assets/Materials/NoteBall_D.mat using Guid(00a9f6a9d38cafd468fe5af805cf413e) Importer(815301076,1909f56bfc062723c751e8b465ee728b)  -> (artifact id: '8e2047f9bf6a87d65cb1ae4782ad0cd7') in 0.092284 seconds 
========================================================================
Received Import Request.
  Time since last request: 0.000021 seconds.
  path: Assets/Materials/NoteBall_F.mat
  artifactKey: Guid(e79aeefe8ca43574e929575652289628) Importer(815301076,1909f56bfc062723c751e8b465ee728b)
Start importing Assets/Materials/NoteBall_F.mat using Guid(e79aeefe8ca43574e929575652289628) Importer(815301076,1909f56bfc062723c751e8b465ee728b)  -> (artifact id: 'c275e011d877c93c8c8307c192347e2d') in 0.017196 seconds 
========================================================================
Received Prepare
Registering precompiled user dll's ...
Registered in 0.019313 seconds.
Begin MonoManager ReloadAssembly
Native extension for UWP target not found
Native extension for WindowsStandalone target not found
Native extension for Android target not found
Refreshing native plugins compatible for Editor in 0.78 ms, found 4 plugins.
Preloading 0 native plugins for Editor in 0.00 ms.
Mono: successfully reloaded assembly
- Completed reload, in  1.737 seconds
Domain Reload Profiling:
	ReloadAssembly (1738ms)
		BeginReloadAssembly (240ms)
			ExecutionOrderSort (0ms)
			DisableScriptedObjects (5ms)
			BackupInstance (0ms)
			ReleaseScriptingObjects (0ms)
			CreateAndSetChildDomain (42ms)
		EndReloadAssembly (1324ms)
			LoadAssemblies (211ms)
			RebuildTransferFunctionScriptingTraits (0ms)
			SetupTypeCache (308ms)
			ReleaseScriptCaches (2ms)
			RebuildScriptCaches (57ms)
			SetupLoadedEditorAssemblies (715ms)
				LogAssemblyErrors (0ms)
				InitializePlatformSupportModulesInManaged (46ms)
				SetLoadedEditorAssemblies (0ms)
				RefreshPlugins (1ms)
				BeforeProcessingInitializeOnLoad (164ms)
				ProcessInitializeOnLoadAttributes (428ms)
				ProcessInitializeOnLoadMethodAttributes (35ms)
				AfterProcessingInitializeOnLoad (40ms)
				EditorAssembliesLoaded (0ms)
			ExecutionOrderSort2 (0ms)
			AwakeInstancesAfterBackupRestoration (18ms)
Platform modules already initialized, skipping
Refreshing native plugins compatible for Editor in 6.33 ms, found 4 plugins.
Preloading 0 native plugins for Editor in 0.00 ms.
Unloading 3236 Unused Serialized files (Serialized files now loaded: 0)
Unloading 38 unused Assets / (1.7 MB). Loaded Objects now: 3930.
Memory consumption went from 151.6 MB to 150.0 MB.
Total: 4.201600 ms (FindLiveObjects: 0.357200 ms CreateObjectMapping: 0.244700 ms MarkObjects: 3.151400 ms  DeleteObjects: 0.446700 ms)

AssetImportParameters requested are different than current active one (requested -> active):
  custom:video-decoder-ogg-theora: a1e56fd34408186e4bbccfd4996cb3dc -> 
  custom:container-muxer-webm: aa71ff27fc2769a1b78a27578f13a17b -> 
  custom:container-demuxer-webm: 4f35f7cbe854078d1ac9338744f61a02 -> 
  custom:video-encoder-webm-vp8: eb34c28f22e8b96e1ab97ce403110664 -> 
  custom:audio-encoder-webm-vorbis: bf7c407c2cedff20999df2af8eb42d56 -> 
  custom:framework-win-MediaFoundation: 216162199b28c13a410421893ffa2e32 -> 
  custom:container-demuxer-ogg: 62fdf1f143b41e24485cea50d1cbac27 -> 
  custom:video-decoder-webm-vp8: 9c59270c3fd7afecdb556c50c9e8de78 -> 
  custom:audio-decoder-ogg-vorbis: bf7c407c2cedff20999df2af8eb42d56 -> 
========================================================================
Received Import Request.
  Time since last request: 160.992846 seconds.
  path: Assets/Videos/Moving Stage Glow No Copyright Free Motion Graphics Background Video Loop - Light Show 3.mp4
  artifactKey: Guid(03f7674bf5d1a2344a1d02529d57427d) Importer(815301076,1909f56bfc062723c751e8b465ee728b)
Start importing Assets/Videos/Moving Stage Glow No Copyright Free Motion Graphics Background Video Loop - Light Show 3.mp4 using Guid(03f7674bf5d1a2344a1d02529d57427d) Importer(815301076,1909f56bfc062723c751e8b465ee728b)  -> (artifact id: 'df2f557187041eabd77b7d9f11025f62') in 0.055635 seconds 
========================================================================
Received Import Request.
  Time since last request: 0.000095 seconds.
  path: Assets/Videos/Underwater Miku 2K Live Wallpaper ｜ Xanh Share ♥.mp4
  artifactKey: Guid(ccd18ec2885575f45853ec0306c84d45) Importer(815301076,1909f56bfc062723c751e8b465ee728b)
Start importing Assets/Videos/Underwater Miku 2K Live Wallpaper ｜ Xanh Share ♥.mp4 using Guid(ccd18ec2885575f45853ec0306c84d45) Importer(815301076,1909f56bfc062723c751e8b465ee728b)  -> (artifact id: 'b459e24faf52842ecdce517092fad404') in 0.005213 seconds 
========================================================================
Received Prepare
Registering precompiled user dll's ...
Registered in 0.019044 seconds.
Begin MonoManager ReloadAssembly
Native extension for UWP target not found
Native extension for WindowsStandalone target not found
Native extension for Android target not found
Refreshing native plugins compatible for Editor in 0.68 ms, found 4 plugins.
Preloading 0 native plugins for Editor in 0.00 ms.
Error saving file Library/StateCache/LayerSettings/9e/9ecc5c3c162a7aba29bafa64c8b94b7c.json. Error: System.IO.IOException: Sharing violation on path C:\Users\maddy\Documents\Unity Projects\Art-of-Combat\Slider_Beat\Library\StateCache\LayerSettings\9e\9ecc5c3c162a7aba29bafa64c8b94b7c.json
  at System.IO.FileStream..ctor (System.String path, System.IO.FileMode mode, System.IO.FileAccess access, System.IO.FileShare share, System.Int32 bufferSize, System.Boolean anonymous, System.IO.FileOptions options) [0x0019e] in <6073cf49ed704e958b8a66d540dea948>:0 
  at System.IO.FileStream..ctor (System.String path, System.IO.FileMode mode, System.IO.FileAccess access, System.IO.FileShare share, System.Int32 bufferSize, System.IO.FileOptions options) [0x00000] in <6073cf49ed704e958b8a66d540dea948>:0 
  at (wrapper remoting-invoke-with-check) System.IO.FileStream..ctor(string,System.IO.FileMode,System.IO.FileAccess,System.IO.FileShare,int,System.IO.FileOptions)
  at System.IO.StreamWriter..ctor (System.String path, System.Boolean append, System.Text.Encoding encoding, System.Int32 bufferSize) [0x00055] in <6073cf49ed704e958b8a66d540dea948>:0 
  at System.IO.StreamWriter..ctor (System.String path, System.Boolean append, System.Text.Encoding encoding) [0x00000] in <6073cf49ed704e958b8a66d540dea948>:0 
  at (wrapper remoting-invoke-with-check) System.IO.StreamWriter..ctor(string,bool,System.Text.Encoding)
  at System.IO.File.WriteAllText (System.String path, System.String contents, System.Text.Encoding encoding) [0x00034] in <6073cf49ed704e958b8a66d540dea948>:0 
  at UnityEditor.StateCache`1[T].SetState (UnityEngine.Hash128 key, T obj) [0x0004b] in <31b86d204baf45de8328f2d1261a79f7>:0 
UnityEngine.StackTraceUtility:ExtractStackTrace ()
UnityEngine.DebugLogHandler:LogFormat (UnityEngine.LogType,UnityEngine.Object,string,object[])
UnityEngine.Logger:Log (UnityEngine.LogType,object)
UnityEngine.Debug:LogError (object)
UnityEditor.StateCache`1<UnityEditor.Tools/LayerSettings>:SetState (UnityEngine.Hash128,UnityEditor.Tools/LayerSettings)
UnityEditor.Tools:set_lockedLayers (int)
UnityEditor.Tools:OnEnable ()
UnityEngine.ScriptableObject:CreateInstance (System.Type)
UnityEngine.ScriptableObject:CreateInstance<UnityEditor.Tools> ()
UnityEditor.Tools:get_get ()
UnityEditor.Tools:get_visibleLayers ()
UnityEditor.Animations.Rigging.BoneRendererUtils:.cctor () (at Library/PackageCache/com.unity.animation.rigging@1.1.1/Editor/Utils/BoneRendererUtils.cs:121)
System.Runtime.CompilerServices.RuntimeHelpers:RunClassConstructor (System.RuntimeTypeHandle)
UnityEditor.EditorAssemblies:ProcessInitializeOnLoadAttributes (System.Type[])

(Filename: Library/PackageCache/com.unity.animation.rigging@1.1.1/Editor/Utils/BoneRendererUtils.cs Line: 121)

Mono: successfully reloaded assembly
- Completed reload, in  1.768 seconds
Domain Reload Profiling:
	ReloadAssembly (1768ms)
		BeginReloadAssembly (239ms)
			ExecutionOrderSort (0ms)
			DisableScriptedObjects (6ms)
			BackupInstance (0ms)
			ReleaseScriptingObjects (0ms)
			CreateAndSetChildDomain (40ms)
		EndReloadAssembly (1354ms)
			LoadAssemblies (210ms)
			RebuildTransferFunctionScriptingTraits (0ms)
			SetupTypeCache (310ms)
			ReleaseScriptCaches (1ms)
			RebuildScriptCaches (57ms)
			SetupLoadedEditorAssemblies (732ms)
				LogAssemblyErrors (0ms)
				InitializePlatformSupportModulesInManaged (47ms)
				SetLoadedEditorAssemblies (1ms)
				RefreshPlugins (1ms)
				BeforeProcessingInitializeOnLoad (169ms)
				ProcessInitializeOnLoadAttributes (439ms)
				ProcessInitializeOnLoadMethodAttributes (33ms)
				AfterProcessingInitializeOnLoad (43ms)
				EditorAssembliesLoaded (0ms)
			ExecutionOrderSort2 (0ms)
			AwakeInstancesAfterBackupRestoration (24ms)
Platform modules already initialized, skipping
Refreshing native plugins compatible for Editor in 5.58 ms, found 4 plugins.
Preloading 0 native plugins for Editor in 0.00 ms.
Unloading 3236 Unused Serialized files (Serialized files now loaded: 0)
Unloading 38 unused Assets / (1.6 MB). Loaded Objects now: 3946.
Memory consumption went from 151.6 MB to 150.0 MB.
Total: 3.874100 ms (FindLiveObjects: 0.308800 ms CreateObjectMapping: 0.177300 ms MarkObjects: 2.969400 ms  DeleteObjects: 0.417300 ms)

AssetImportParameters requested are different than current active one (requested -> active):
  custom:video-decoder-ogg-theora: a1e56fd34408186e4bbccfd4996cb3dc -> 
  custom:container-muxer-webm: aa71ff27fc2769a1b78a27578f13a17b -> 
  custom:container-demuxer-webm: 4f35f7cbe854078d1ac9338744f61a02 -> 
  custom:video-encoder-webm-vp8: eb34c28f22e8b96e1ab97ce403110664 -> 
  custom:audio-encoder-webm-vorbis: bf7c407c2cedff20999df2af8eb42d56 -> 
  custom:framework-win-MediaFoundation: 216162199b28c13a410421893ffa2e32 -> 
  custom:container-demuxer-ogg: 62fdf1f143b41e24485cea50d1cbac27 -> 
  custom:video-decoder-webm-vp8: 9c59270c3fd7afecdb556c50c9e8de78 -> 
  custom:audio-decoder-ogg-vorbis: bf7c407c2cedff20999df2af8eb42d56 -> 
========================================================================
Received Import Request.
  Time since last request: 106.933782 seconds.
  path: Assets/Images/Notes & Hit Effects/Note SustainedWaveLeft (2).prefab
  artifactKey: Guid(2c866fd59a72fff4ea0dde5cfcd87a68) Importer(815301076,1909f56bfc062723c751e8b465ee728b)
Start importing Assets/Images/Notes & Hit Effects/Note SustainedWaveLeft (2).prefab using Guid(2c866fd59a72fff4ea0dde5cfcd87a68) Importer(815301076,1909f56bfc062723c751e8b465ee728b)  -> (artifact id: '4203578c5ca150080deb61ad13393733') in 0.086632 seconds 
========================================================================
Received Import Request.
  Time since last request: 0.000022 seconds.
  path: Assets/Images/Notes & Hit Effects/Note SustainedWaveLeft.prefab
  artifactKey: Guid(69cc333ff5cd55147a32d03fc2e132d4) Importer(815301076,1909f56bfc062723c751e8b465ee728b)
Start importing Assets/Images/Notes & Hit Effects/Note SustainedWaveLeft.prefab using Guid(69cc333ff5cd55147a32d03fc2e132d4) Importer(815301076,1909f56bfc062723c751e8b465ee728b)  -> (artifact id: '95b5cf683f911a4eb53f00b11557c287') in 0.025819 seconds 
========================================================================
Received Import Request.
  Time since last request: 0.000032 seconds.
  path: Assets/Images/Notes & Hit Effects/Note SustainedWaveRight (1).prefab
  artifactKey: Guid(894f281265c002f4387eae339fee4769) Importer(815301076,1909f56bfc062723c751e8b465ee728b)
Start importing Assets/Images/Notes & Hit Effects/Note SustainedWaveRight (1).prefab using Guid(894f281265c002f4387eae339fee4769) Importer(815301076,1909f56bfc062723c751e8b465ee728b)  -> (artifact id: '8b078f010a5a7ad4e50a3086f7a6b7eb') in 0.020078 seconds 
========================================================================
Received Import Request.
  Time since last request: 0.000016 seconds.
  path: Assets/Images/Notes & Hit Effects/Note SustainedWaveLeft (3).prefab
  artifactKey: Guid(06aaae6cc7ff141469c1299924e17362) Importer(815301076,1909f56bfc062723c751e8b465ee728b)
Start importing Assets/Images/Notes & Hit Effects/Note SustainedWaveLeft (3).prefab using Guid(06aaae6cc7ff141469c1299924e17362) Importer(815301076,1909f56bfc062723c751e8b465ee728b)  -> (artifact id: '808522fba9537575b28b8ebb64263ffa') in 0.022618 seconds 
========================================================================
Received Import Request.
  Time since last request: 0.000019 seconds.
  path: Assets/Images/Notes & Hit Effects/Note SustainedWaveRight (6).prefab
  artifactKey: Guid(874928fa2c6b12c4fb2956559352575c) Importer(815301076,1909f56bfc062723c751e8b465ee728b)
Start importing Assets/Images/Notes & Hit Effects/Note SustainedWaveRight (6).prefab using Guid(874928fa2c6b12c4fb2956559352575c) Importer(815301076,1909f56bfc062723c751e8b465ee728b)  -> (artifact id: '208cd8a39e333433e4ad041d62151775') in 0.023530 seconds 
========================================================================
Received Import Request.
  Time since last request: 0.000020 seconds.
  path: Assets/Images/Notes & Hit Effects/Note SustainedWaveRight (5).prefab
  artifactKey: Guid(be235de91e0e7c94b94c5d3ba451dcad) Importer(815301076,1909f56bfc062723c751e8b465ee728b)
Start importing Assets/Images/Notes & Hit Effects/Note SustainedWaveRight (5).prefab using Guid(be235de91e0e7c94b94c5d3ba451dcad) Importer(815301076,1909f56bfc062723c751e8b465ee728b)  -> (artifact id: 'ecf8599a0ebfee397ecb8d454c9c7bce') in 0.023259 seconds 
========================================================================
Received Import Request.
  Time since last request: 0.000021 seconds.
  path: Assets/Images/Notes & Hit Effects/Note SustainedWaveRight 2.prefab
  artifactKey: Guid(54914c5fa20b04741a60d86d57a68695) Importer(815301076,1909f56bfc062723c751e8b465ee728b)
Start importing Assets/Images/Notes & Hit Effects/Note SustainedWaveRight 2.prefab using Guid(54914c5fa20b04741a60d86d57a68695) Importer(815301076,1909f56bfc062723c751e8b465ee728b)  -> (artifact id: 'b38f2b1e43da5d65de71f9fb838fb523') in 0.020636 seconds 
========================================================================
Received Import Request.
  Time since last request: 4.926526 seconds.
  path: Assets/Images/Button row/RhythmGameGraphics_0000_Layer-15-copy-3.png
  artifactKey: Guid(59ba35be74659f548aa13c64d6fb0b1f) Importer(815301076,1909f56bfc062723c751e8b465ee728b)
Start importing Assets/Images/Button row/RhythmGameGraphics_0000_Layer-15-copy-3.png using Guid(59ba35be74659f548aa13c64d6fb0b1f) Importer(815301076,1909f56bfc062723c751e8b465ee728b)  -> (artifact id: 'e301b08d3158c453b5e4d4c35a91d38c') in 0.021318 seconds 
========================================================================
Received Import Request.
  Time since last request: 0.000019 seconds.
  path: Assets/Images/Button row/RhythmGameGraphics_0001_Layer-12_0.prefab
  artifactKey: Guid(c3ac6d4d4c8187c4ca1d2d3b4421a664) Importer(815301076,1909f56bfc062723c751e8b465ee728b)
Start importing Assets/Images/Button row/RhythmGameGraphics_0001_Layer-12_0.prefab using Guid(c3ac6d4d4c8187c4ca1d2d3b4421a664) Importer(815301076,1909f56bfc062723c751e8b465ee728b) Tried select unknown importer for id '-2' '00000000000000000000000000000000'
 -> (artifact id: 'a9fb1c082307ce38dcac7b61ecd80cfa') in 0.021419 seconds 
========================================================================
Received Prepare
Registering precompiled user dll's ...
Registered in 0.020588 seconds.
Begin MonoManager ReloadAssembly
Native extension for UWP target not found
Native extension for WindowsStandalone target not found
Native extension for Android target not found
Refreshing native plugins compatible for Editor in 0.68 ms, found 4 plugins.
Preloading 0 native plugins for Editor in 0.00 ms.
Mono: successfully reloaded assembly
- Completed reload, in  1.845 seconds
Domain Reload Profiling:
	ReloadAssembly (1846ms)
		BeginReloadAssembly (246ms)
			ExecutionOrderSort (0ms)
			DisableScriptedObjects (6ms)
			BackupInstance (0ms)
			ReleaseScriptingObjects (0ms)
			CreateAndSetChildDomain (42ms)
		EndReloadAssembly (1426ms)
			LoadAssemblies (221ms)
			RebuildTransferFunctionScriptingTraits (0ms)
			SetupTypeCache (324ms)
			ReleaseScriptCaches (1ms)
			RebuildScriptCaches (61ms)
			SetupLoadedEditorAssemblies (782ms)
				LogAssemblyErrors (0ms)
				InitializePlatformSupportModulesInManaged (48ms)
				SetLoadedEditorAssemblies (1ms)
				RefreshPlugins (1ms)
				BeforeProcessingInitializeOnLoad (174ms)
				ProcessInitializeOnLoadAttributes (479ms)
				ProcessInitializeOnLoadMethodAttributes (36ms)
				AfterProcessingInitializeOnLoad (43ms)
				EditorAssembliesLoaded (0ms)
			ExecutionOrderSort2 (0ms)
			AwakeInstancesAfterBackupRestoration (20ms)
Platform modules already initialized, skipping
Refreshing native plugins compatible for Editor in 5.98 ms, found 4 plugins.
Preloading 0 native plugins for Editor in 0.00 ms.
Unloading 3236 Unused Serialized files (Serialized files now loaded: 0)
Unloading 40 unused Assets / (1.6 MB). Loaded Objects now: 3963.
Memory consumption went from 151.8 MB to 150.2 MB.
Total: 3.754400 ms (FindLiveObjects: 0.299400 ms CreateObjectMapping: 0.183000 ms MarkObjects: 2.850500 ms  DeleteObjects: 0.420800 ms)

AssetImportParameters requested are different than current active one (requested -> active):
  custom:video-decoder-ogg-theora: a1e56fd34408186e4bbccfd4996cb3dc -> 
  custom:container-muxer-webm: aa71ff27fc2769a1b78a27578f13a17b -> 
  custom:container-demuxer-webm: 4f35f7cbe854078d1ac9338744f61a02 -> 
  custom:video-encoder-webm-vp8: eb34c28f22e8b96e1ab97ce403110664 -> 
  custom:audio-encoder-webm-vorbis: bf7c407c2cedff20999df2af8eb42d56 -> 
  custom:framework-win-MediaFoundation: 216162199b28c13a410421893ffa2e32 -> 
  custom:container-demuxer-ogg: 62fdf1f143b41e24485cea50d1cbac27 -> 
  custom:video-decoder-webm-vp8: 9c59270c3fd7afecdb556c50c9e8de78 -> 
  custom:audio-decoder-ogg-vorbis: bf7c407c2cedff20999df2af8eb42d56 -> 
========================================================================
Received Prepare
Registering precompiled user dll's ...
Registered in 0.020086 seconds.
Begin MonoManager ReloadAssembly
Native extension for UWP target not found
Native extension for WindowsStandalone target not found
Native extension for Android target not found
Refreshing native plugins compatible for Editor in 0.72 ms, found 4 plugins.
Preloading 0 native plugins for Editor in 0.00 ms.
Mono: successfully reloaded assembly
- Completed reload, in  1.814 seconds
Domain Reload Profiling:
	ReloadAssembly (1814ms)
		BeginReloadAssembly (245ms)
			ExecutionOrderSort (0ms)
			DisableScriptedObjects (6ms)
			BackupInstance (0ms)
			ReleaseScriptingObjects (0ms)
			CreateAndSetChildDomain (39ms)
		EndReloadAssembly (1389ms)
			LoadAssemblies (218ms)
			RebuildTransferFunctionScriptingTraits (0ms)
			SetupTypeCache (327ms)
			ReleaseScriptCaches (2ms)
			RebuildScriptCaches (62ms)
			SetupLoadedEditorAssemblies (745ms)
				LogAssemblyErrors (0ms)
				InitializePlatformSupportModulesInManaged (45ms)
				SetLoadedEditorAssemblies (1ms)
				RefreshPlugins (1ms)
				BeforeProcessingInitializeOnLoad (171ms)
				ProcessInitializeOnLoadAttributes (453ms)
				ProcessInitializeOnLoadMethodAttributes (35ms)
				AfterProcessingInitializeOnLoad (39ms)
				EditorAssembliesLoaded (0ms)
			ExecutionOrderSort2 (0ms)
			AwakeInstancesAfterBackupRestoration (20ms)
Platform modules already initialized, skipping
Refreshing native plugins compatible for Editor in 6.98 ms, found 4 plugins.
Preloading 0 native plugins for Editor in 0.00 ms.
Unloading 3236 Unused Serialized files (Serialized files now loaded: 0)
Unloading 38 unused Assets / (1.6 MB). Loaded Objects now: 3979.
Memory consumption went from 151.8 MB to 150.2 MB.
Total: 3.778700 ms (FindLiveObjects: 0.328500 ms CreateObjectMapping: 0.176300 ms MarkObjects: 2.872400 ms  DeleteObjects: 0.399800 ms)

AssetImportParameters requested are different than current active one (requested -> active):
  custom:video-decoder-ogg-theora: a1e56fd34408186e4bbccfd4996cb3dc -> 
  custom:container-muxer-webm: aa71ff27fc2769a1b78a27578f13a17b -> 
  custom:container-demuxer-webm: 4f35f7cbe854078d1ac9338744f61a02 -> 
  custom:video-encoder-webm-vp8: eb34c28f22e8b96e1ab97ce403110664 -> 
  custom:audio-encoder-webm-vorbis: bf7c407c2cedff20999df2af8eb42d56 -> 
  custom:framework-win-MediaFoundation: 216162199b28c13a410421893ffa2e32 -> 
  custom:container-demuxer-ogg: 62fdf1f143b41e24485cea50d1cbac27 -> 
  custom:video-decoder-webm-vp8: 9c59270c3fd7afecdb556c50c9e8de78 -> 
  custom:audio-decoder-ogg-vorbis: bf7c407c2cedff20999df2af8eb42d56 -> 
========================================================================
Received Prepare
Registering precompiled user dll's ...
Registered in 0.021304 seconds.
Begin MonoManager ReloadAssembly
Native extension for UWP target not found
Native extension for WindowsStandalone target not found
Native extension for Android target not found
Refreshing native plugins compatible for Editor in 1.00 ms, found 4 plugins.
Preloading 0 native plugins for Editor in 0.00 ms.
Error saving file Library/StateCache/LayerSettings/9e/9ecc5c3c162a7aba29bafa64c8b94b7c.json. Error: System.IO.IOException: Sharing violation on path C:\Users\maddy\Documents\Unity Projects\Art-of-Combat\Slider_Beat\Library\StateCache\LayerSettings\9e\9ecc5c3c162a7aba29bafa64c8b94b7c.json
  at System.IO.FileStream..ctor (System.String path, System.IO.FileMode mode, System.IO.FileAccess access, System.IO.FileShare share, System.Int32 bufferSize, System.Boolean anonymous, System.IO.FileOptions options) [0x0019e] in <6073cf49ed704e958b8a66d540dea948>:0 
  at System.IO.FileStream..ctor (System.String path, System.IO.FileMode mode, System.IO.FileAccess access, System.IO.FileShare share, System.Int32 bufferSize, System.IO.FileOptions options) [0x00000] in <6073cf49ed704e958b8a66d540dea948>:0 
  at (wrapper remoting-invoke-with-check) System.IO.FileStream..ctor(string,System.IO.FileMode,System.IO.FileAccess,System.IO.FileShare,int,System.IO.FileOptions)
  at System.IO.StreamWriter..ctor (System.String path, System.Boolean append, System.Text.Encoding encoding, System.Int32 bufferSize) [0x00055] in <6073cf49ed704e958b8a66d540dea948>:0 
  at System.IO.StreamWriter..ctor (System.String path, System.Boolean append, System.Text.Encoding encoding) [0x00000] in <6073cf49ed704e958b8a66d540dea948>:0 
  at (wrapper remoting-invoke-with-check) System.IO.StreamWriter..ctor(string,bool,System.Text.Encoding)
  at System.IO.File.WriteAllText (System.String path, System.String contents, System.Text.Encoding encoding) [0x00034] in <6073cf49ed704e958b8a66d540dea948>:0 
  at UnityEditor.StateCache`1[T].SetState (UnityEngine.Hash128 key, T obj) [0x0004b] in <31b86d204baf45de8328f2d1261a79f7>:0 
UnityEngine.StackTraceUtility:ExtractStackTrace ()
UnityEngine.DebugLogHandler:LogFormat (UnityEngine.LogType,UnityEngine.Object,string,object[])
UnityEngine.Logger:Log (UnityEngine.LogType,object)
UnityEngine.Debug:LogError (object)
UnityEditor.StateCache`1<UnityEditor.Tools/LayerSettings>:SetState (UnityEngine.Hash128,UnityEditor.Tools/LayerSettings)
UnityEditor.Tools:set_lockedLayers (int)
UnityEditor.Tools:OnEnable ()
UnityEngine.ScriptableObject:CreateInstance (System.Type)
UnityEngine.ScriptableObject:CreateInstance<UnityEditor.Tools> ()
UnityEditor.Tools:get_get ()
UnityEditor.Tools:get_visibleLayers ()
UnityEditor.Animations.Rigging.BoneRendererUtils:.cctor () (at Library/PackageCache/com.unity.animation.rigging@1.1.1/Editor/Utils/BoneRendererUtils.cs:121)
System.Runtime.CompilerServices.RuntimeHelpers:RunClassConstructor (System.RuntimeTypeHandle)
UnityEditor.EditorAssemblies:ProcessInitializeOnLoadAttributes (System.Type[])

(Filename: Library/PackageCache/com.unity.animation.rigging@1.1.1/Editor/Utils/BoneRendererUtils.cs Line: 121)

Mono: successfully reloaded assembly
- Completed reload, in  1.801 seconds
Domain Reload Profiling:
	ReloadAssembly (1801ms)
		BeginReloadAssembly (250ms)
			ExecutionOrderSort (0ms)
			DisableScriptedObjects (6ms)
			BackupInstance (0ms)
			ReleaseScriptingObjects (0ms)
			CreateAndSetChildDomain (43ms)
		EndReloadAssembly (1367ms)
			LoadAssemblies (217ms)
			RebuildTransferFunctionScriptingTraits (0ms)
			SetupTypeCache (311ms)
			ReleaseScriptCaches (1ms)
			RebuildScriptCaches (58ms)
			SetupLoadedEditorAssemblies (737ms)
				LogAssemblyErrors (0ms)
				InitializePlatformSupportModulesInManaged (44ms)
				SetLoadedEditorAssemblies (0ms)
				RefreshPlugins (1ms)
				BeforeProcessingInitializeOnLoad (170ms)
				ProcessInitializeOnLoadAttributes (447ms)
				ProcessInitializeOnLoadMethodAttributes (33ms)
				AfterProcessingInitializeOnLoad (41ms)
				EditorAssembliesLoaded (0ms)
			ExecutionOrderSort2 (0ms)
			AwakeInstancesAfterBackupRestoration (28ms)
Platform modules already initialized, skipping
Refreshing native plugins compatible for Editor in 6.30 ms, found 4 plugins.
Preloading 0 native plugins for Editor in 0.00 ms.
Unloading 3236 Unused Serialized files (Serialized files now loaded: 0)
Unloading 38 unused Assets / (1.6 MB). Loaded Objects now: 3995.
Memory consumption went from 151.8 MB to 150.2 MB.
Total: 4.188800 ms (FindLiveObjects: 0.407800 ms CreateObjectMapping: 0.257300 ms MarkObjects: 3.138900 ms  DeleteObjects: 0.383400 ms)

AssetImportParameters requested are different than current active one (requested -> active):
  custom:video-decoder-ogg-theora: a1e56fd34408186e4bbccfd4996cb3dc -> 
  custom:container-muxer-webm: aa71ff27fc2769a1b78a27578f13a17b -> 
  custom:container-demuxer-webm: 4f35f7cbe854078d1ac9338744f61a02 -> 
  custom:video-encoder-webm-vp8: eb34c28f22e8b96e1ab97ce403110664 -> 
  custom:audio-encoder-webm-vorbis: bf7c407c2cedff20999df2af8eb42d56 -> 
  custom:framework-win-MediaFoundation: 216162199b28c13a410421893ffa2e32 -> 
  custom:container-demuxer-ogg: 62fdf1f143b41e24485cea50d1cbac27 -> 
  custom:video-decoder-webm-vp8: 9c59270c3fd7afecdb556c50c9e8de78 -> 
  custom:audio-decoder-ogg-vorbis: bf7c407c2cedff20999df2af8eb42d56 -> 
========================================================================
Received Import Request.
  Time since last request: 487.582275 seconds.
  path: Assets/TextMesh Pro/Examples & Extras/Resources/Fonts & Materials/Bangers SDF.asset
  artifactKey: Guid(125cb55b44b24c4393181402bc6200e6) Importer(815301076,1909f56bfc062723c751e8b465ee728b)
Start importing Assets/TextMesh Pro/Examples & Extras/Resources/Fonts & Materials/Bangers SDF.asset using Guid(125cb55b44b24c4393181402bc6200e6) Importer(815301076,1909f56bfc062723c751e8b465ee728b)  -> (artifact id: '7630e097d57189aebc745a588fce5ffc') in 0.099350 seconds 
========================================================================
Received Import Request.
  Time since last request: 0.000026 seconds.
  path: Assets/TextMesh Pro/Resources/Fonts & Materials/GothamRnd-BoldItalic SDF.asset
  artifactKey: Guid(ac2d80896681e4d47a70395706ebad67) Importer(815301076,1909f56bfc062723c751e8b465ee728b)
Start importing Assets/TextMesh Pro/Resources/Fonts & Materials/GothamRnd-BoldItalic SDF.asset using Guid(ac2d80896681e4d47a70395706ebad67) Importer(815301076,1909f56bfc062723c751e8b465ee728b)  -> (artifact id: '97ae6540e260fb8e9a64d1c3ebfe3687') in 0.034135 seconds 
========================================================================
Received Import Request.
  Time since last request: 0.000031 seconds.
  path: Assets/TextMesh Pro/Resources/Fonts & Materials/GothamRnd-Medium SDF.asset
  artifactKey: Guid(2fbd03d4aa180864b9676e8dd06f1de9) Importer(815301076,1909f56bfc062723c751e8b465ee728b)
Start importing Assets/TextMesh Pro/Resources/Fonts & Materials/GothamRnd-Medium SDF.asset using Guid(2fbd03d4aa180864b9676e8dd06f1de9) Importer(815301076,1909f56bfc062723c751e8b465ee728b)  -> (artifact id: 'e59c6297e42abe08c56b4ba9361f18df') in 0.030440 seconds 
========================================================================
Received Import Request.
  Time since last request: 0.000020 seconds.
  path: Assets/TextMesh Pro/Resources/Fonts & Materials/GothamRnd-Light SDF.asset
  artifactKey: Guid(2522a3ea0f1f77243a0090ae9b49c131) Importer(815301076,1909f56bfc062723c751e8b465ee728b)
Start importing Assets/TextMesh Pro/Resources/Fonts & Materials/GothamRnd-Light SDF.asset using Guid(2522a3ea0f1f77243a0090ae9b49c131) Importer(815301076,1909f56bfc062723c751e8b465ee728b)  -> (artifact id: 'cf971a9d081cd14cdf2eda763cbf2866') in 0.030146 seconds 
========================================================================
Received Import Request.
  Time since last request: 0.000021 seconds.
  path: Assets/TextMesh Pro/Resources/Fonts & Materials/Stereofunk SDF.asset
  artifactKey: Guid(94229c232f5c6c54eb0fb8c5b054e35e) Importer(815301076,1909f56bfc062723c751e8b465ee728b)
Start importing Assets/TextMesh Pro/Resources/Fonts & Materials/Stereofunk SDF.asset using Guid(94229c232f5c6c54eb0fb8c5b054e35e) Importer(815301076,1909f56bfc062723c751e8b465ee728b)  -> (artifact id: '8f062335308628e17355cdd40b99eb70') in 0.088538 seconds 
========================================================================
Received Import Request.
  Time since last request: 0.000044 seconds.
  path: Assets/TextMesh Pro/Resources/Fonts & Materials/GothamRnd-LightItalic SDF.asset
  artifactKey: Guid(342a6e4f7c19a564b98dd5a4cd97a130) Importer(815301076,1909f56bfc062723c751e8b465ee728b)
Start importing Assets/TextMesh Pro/Resources/Fonts & Materials/GothamRnd-LightItalic SDF.asset using Guid(342a6e4f7c19a564b98dd5a4cd97a130) Importer(815301076,1909f56bfc062723c751e8b465ee728b)  -> (artifact id: 'f37d9815c41d8553857baa39ed5e450e') in 0.037300 seconds 
========================================================================
Received Import Request.
  Time since last request: 0.000023 seconds.
  path: Assets/TextMesh Pro/Resources/Fonts & Materials/LiberationSans SDF.asset
  artifactKey: Guid(8f586378b4e144a9851e7b34d9b748ee) Importer(815301076,1909f56bfc062723c751e8b465ee728b)
Start importing Assets/TextMesh Pro/Resources/Fonts & Materials/LiberationSans SDF.asset using Guid(8f586378b4e144a9851e7b34d9b748ee) Importer(815301076,1909f56bfc062723c751e8b465ee728b)  -> (artifact id: '14f6dc40091ce35d8314781f1363dde8') in 0.046764 seconds 
========================================================================
Received Import Request.
  Time since last request: 0.000032 seconds.
  path: Assets/TextMesh Pro/Examples & Extras/Resources/Fonts & Materials/Oswald Bold SDF.asset
  artifactKey: Guid(0161d805a3764c089bef00bfe00793f5) Importer(815301076,1909f56bfc062723c751e8b465ee728b)
Start importing Assets/TextMesh Pro/Examples & Extras/Resources/Fonts & Materials/Oswald Bold SDF.asset using Guid(0161d805a3764c089bef00bfe00793f5) Importer(815301076,1909f56bfc062723c751e8b465ee728b)  -> (artifact id: '3d6675818259140855c1484c188d97b2') in 0.021924 seconds 
========================================================================
Received Import Request.
  Time since last request: 0.000025 seconds.
  path: Assets/TextMesh Pro/Resources/Fonts & Materials/quantfh SDF.asset
  artifactKey: Guid(b86f15a8dde7db64cbea48aff942ccda) Importer(815301076,1909f56bfc062723c751e8b465ee728b)
Start importing Assets/TextMesh Pro/Resources/Fonts & Materials/quantfh SDF.asset using Guid(b86f15a8dde7db64cbea48aff942ccda) Importer(815301076,1909f56bfc062723c751e8b465ee728b)  -> (artifact id: 'f29574638135c22d81e0ff68dcdf1bce') in 0.028771 seconds 
========================================================================
Received Import Request.
  Time since last request: 0.000020 seconds.
  path: Assets/TextMesh Pro/Resources/Fonts & Materials/quanttap SDF.asset
  artifactKey: Guid(875f28679e245b842ae7c1a5bd4ff9be) Importer(815301076,1909f56bfc062723c751e8b465ee728b)
Start importing Assets/TextMesh Pro/Resources/Fonts & Materials/quanttap SDF.asset using Guid(875f28679e245b842ae7c1a5bd4ff9be) Importer(815301076,1909f56bfc062723c751e8b465ee728b)  -> (artifact id: '4881403ff063e897a49d9b6563fd496b') in 0.030398 seconds 
========================================================================
Received Import Request.
  Time since last request: 2.234923 seconds.
  path: Assets/TextMesh Pro/Resources/Fonts & Materials/LiberationSans SDF - Outline.mat
  artifactKey: Guid(79459efec17a4d00a321bdcc27bbc385) Importer(815301076,1909f56bfc062723c751e8b465ee728b)
Start importing Assets/TextMesh Pro/Resources/Fonts & Materials/LiberationSans SDF - Outline.mat using Guid(79459efec17a4d00a321bdcc27bbc385) Importer(815301076,1909f56bfc062723c751e8b465ee728b)  -> (artifact id: '957c0b65418360df61129d2677d336ea') in 0.033334 seconds 
========================================================================
Received Prepare
Registering precompiled user dll's ...
Registered in 0.019784 seconds.
Begin MonoManager ReloadAssembly
Native extension for UWP target not found
Native extension for WindowsStandalone target not found
Native extension for Android target not found
Refreshing native plugins compatible for Editor in 0.71 ms, found 4 plugins.
Preloading 0 native plugins for Editor in 0.00 ms.
Mono: successfully reloaded assembly
- Completed reload, in  1.795 seconds
Domain Reload Profiling:
	ReloadAssembly (1796ms)
		BeginReloadAssembly (243ms)
			ExecutionOrderSort (0ms)
			DisableScriptedObjects (5ms)
			BackupInstance (0ms)
			ReleaseScriptingObjects (0ms)
			CreateAndSetChildDomain (40ms)
		EndReloadAssembly (1371ms)
			LoadAssemblies (216ms)
			RebuildTransferFunctionScriptingTraits (0ms)
			SetupTypeCache (322ms)
			ReleaseScriptCaches (2ms)
			RebuildScriptCaches (59ms)
			SetupLoadedEditorAssemblies (739ms)
				LogAssemblyErrors (0ms)
				InitializePlatformSupportModulesInManaged (45ms)
				SetLoadedEditorAssemblies (1ms)
				RefreshPlugins (1ms)
				BeforeProcessingInitializeOnLoad (163ms)
				ProcessInitializeOnLoadAttributes (452ms)
				ProcessInitializeOnLoadMethodAttributes (36ms)
				AfterProcessingInitializeOnLoad (41ms)
				EditorAssembliesLoaded (0ms)
			ExecutionOrderSort2 (0ms)
			AwakeInstancesAfterBackupRestoration (24ms)
Platform modules already initialized, skipping
Refreshing native plugins compatible for Editor in 6.46 ms, found 4 plugins.
Preloading 0 native plugins for Editor in 0.00 ms.
Unloading 3236 Unused Serialized files (Serialized files now loaded: 0)
Unloading 38 unused Assets / (1.6 MB). Loaded Objects now: 4014.
Memory consumption went from 151.9 MB to 150.3 MB.
Total: 4.263900 ms (FindLiveObjects: 0.361900 ms CreateObjectMapping: 0.311900 ms MarkObjects: 3.123500 ms  DeleteObjects: 0.464500 ms)

AssetImportParameters requested are different than current active one (requested -> active):
  custom:video-decoder-ogg-theora: a1e56fd34408186e4bbccfd4996cb3dc -> 
  custom:container-muxer-webm: aa71ff27fc2769a1b78a27578f13a17b -> 
  custom:container-demuxer-webm: 4f35f7cbe854078d1ac9338744f61a02 -> 
  custom:video-encoder-webm-vp8: eb34c28f22e8b96e1ab97ce403110664 -> 
  custom:audio-encoder-webm-vorbis: bf7c407c2cedff20999df2af8eb42d56 -> 
  custom:framework-win-MediaFoundation: 216162199b28c13a410421893ffa2e32 -> 
  custom:container-demuxer-ogg: 62fdf1f143b41e24485cea50d1cbac27 -> 
  custom:video-decoder-webm-vp8: 9c59270c3fd7afecdb556c50c9e8de78 -> 
  custom:audio-decoder-ogg-vorbis: bf7c407c2cedff20999df2af8eb42d56 -> 
========================================================================
Received Prepare
Registering precompiled user dll's ...
Registered in 0.019591 seconds.
Begin MonoManager ReloadAssembly
Native extension for UWP target not found
Native extension for WindowsStandalone target not found
Native extension for Android target not found
Refreshing native plugins compatible for Editor in 0.87 ms, found 4 plugins.
Preloading 0 native plugins for Editor in 0.00 ms.
Error loading file Library/StateCache/LayerSettings/9e/9ecc5c3c162a7aba29bafa64c8b94b7c.json. Error: System.IO.IOException: Sharing violation on path C:\Users\maddy\Documents\Unity Projects\Art-of-Combat\Slider_Beat\Library\StateCache\LayerSettings\9e\9ecc5c3c162a7aba29bafa64c8b94b7c.json
  at System.IO.FileStream..ctor (System.String path, System.IO.FileMode mode, System.IO.FileAccess access, System.IO.FileShare share, System.Int32 bufferSize, System.Boolean anonymous, System.IO.FileOptions options) [0x0019e] in <6073cf49ed704e958b8a66d540dea948>:0 
  at System.IO.FileStream..ctor (System.String path, System.IO.FileMode mode, System.IO.FileAccess access, System.IO.FileShare share, System.Int32 bufferSize, System.IO.FileOptions options) [0x00000] in <6073cf49ed704e958b8a66d540dea948>:0 
  at (wrapper remoting-invoke-with-check) System.IO.FileStream..ctor(string,System.IO.FileMode,System.IO.FileAccess,System.IO.FileShare,int,System.IO.FileOptions)
  at System.IO.StreamReader..ctor (System.String path, System.Text.Encoding encoding, System.Boolean detectEncodingFromByteOrderMarks, System.Int32 bufferSize) [0x00055] in <6073cf49ed704e958b8a66d540dea948>:0 
  at System.IO.StreamReader..ctor (System.String path, System.Text.Encoding encoding, System.Boolean detectEncodingFromByteOrderMarks) [0x00000] in <6073cf49ed704e958b8a66d540dea948>:0 
  at (wrapper remoting-invoke-with-check) System.IO.StreamReader..ctor(string,System.Text.Encoding,bool)
  at System.IO.File.InternalReadAllText (System.String path, System.Text.Encoding encoding) [0x00000] in <6073cf49ed704e958b8a66d540dea948>:0 
  at System.IO.File.ReadAllText (System.String path, System.Text.Encoding encoding) [0x00034] in <6073cf49ed704e958b8a66d540dea948>:0 
  at UnityEditor.StateCache`1[T].GetState (UnityEngine.Hash128 key, T defaultValue) [0x00041] in <31b86d204baf45de8328f2d1261a79f7>:0 
UnityEngine.StackTraceUtility:ExtractStackTrace ()
UnityEngine.DebugLogHandler:LogFormat (UnityEngine.LogType,UnityEngine.Object,string,object[])
UnityEngine.Logger:Log (UnityEngine.LogType,object)
UnityEngine.Debug:LogError (object)
UnityEditor.StateCache`1<UnityEditor.Tools/LayerSettings>:GetState (UnityEngine.Hash128,UnityEditor.Tools/LayerSettings)
UnityEditor.Tools:OnEnable ()
UnityEngine.ScriptableObject:CreateInstance (System.Type)
UnityEngine.ScriptableObject:CreateInstance<UnityEditor.Tools> ()
UnityEditor.Tools:get_get ()
UnityEditor.Tools:get_visibleLayers ()
UnityEditor.Animations.Rigging.BoneRendererUtils:.cctor () (at Library/PackageCache/com.unity.animation.rigging@1.1.1/Editor/Utils/BoneRendererUtils.cs:121)
System.Runtime.CompilerServices.RuntimeHelpers:RunClassConstructor (System.RuntimeTypeHandle)
UnityEditor.EditorAssemblies:ProcessInitializeOnLoadAttributes (System.Type[])

(Filename: Library/PackageCache/com.unity.animation.rigging@1.1.1/Editor/Utils/BoneRendererUtils.cs Line: 121)

Mono: successfully reloaded assembly
- Completed reload, in  1.843 seconds
Domain Reload Profiling:
	ReloadAssembly (1844ms)
		BeginReloadAssembly (241ms)
			ExecutionOrderSort (0ms)
			DisableScriptedObjects (5ms)
			BackupInstance (0ms)
			ReleaseScriptingObjects (0ms)
			CreateAndSetChildDomain (37ms)
		EndReloadAssembly (1417ms)
			LoadAssemblies (217ms)
			RebuildTransferFunctionScriptingTraits (0ms)
			SetupTypeCache (325ms)
			ReleaseScriptCaches (2ms)
			RebuildScriptCaches (68ms)
			SetupLoadedEditorAssemblies (756ms)
				LogAssemblyErrors (0ms)
				InitializePlatformSupportModulesInManaged (47ms)
				SetLoadedEditorAssemblies (1ms)
				RefreshPlugins (1ms)
				BeforeProcessingInitializeOnLoad (169ms)
				ProcessInitializeOnLoadAttributes (461ms)
				ProcessInitializeOnLoadMethodAttributes (35ms)
				AfterProcessingInitializeOnLoad (43ms)
				EditorAssembliesLoaded (0ms)
			ExecutionOrderSort2 (0ms)
			AwakeInstancesAfterBackupRestoration (25ms)
Platform modules already initialized, skipping
Refreshing native plugins compatible for Editor in 7.16 ms, found 4 plugins.
Preloading 0 native plugins for Editor in 0.00 ms.
Unloading 3236 Unused Serialized files (Serialized files now loaded: 0)
Unloading 38 unused Assets / (1.6 MB). Loaded Objects now: 4030.
Memory consumption went from 152.0 MB to 150.3 MB.
Total: 3.534600 ms (FindLiveObjects: 0.348100 ms CreateObjectMapping: 0.212300 ms MarkObjects: 2.532400 ms  DeleteObjects: 0.440900 ms)

AssetImportParameters requested are different than current active one (requested -> active):
  custom:video-decoder-ogg-theora: a1e56fd34408186e4bbccfd4996cb3dc -> 
  custom:container-muxer-webm: aa71ff27fc2769a1b78a27578f13a17b -> 
  custom:container-demuxer-webm: 4f35f7cbe854078d1ac9338744f61a02 -> 
  custom:video-encoder-webm-vp8: eb34c28f22e8b96e1ab97ce403110664 -> 
  custom:audio-encoder-webm-vorbis: bf7c407c2cedff20999df2af8eb42d56 -> 
  custom:framework-win-MediaFoundation: 216162199b28c13a410421893ffa2e32 -> 
  custom:container-demuxer-ogg: 62fdf1f143b41e24485cea50d1cbac27 -> 
  custom:video-decoder-webm-vp8: 9c59270c3fd7afecdb556c50c9e8de78 -> 
  custom:audio-decoder-ogg-vorbis: bf7c407c2cedff20999df2af8eb42d56 -> 
========================================================================
Received Prepare
Registering precompiled user dll's ...
Registered in 0.022849 seconds.
Begin MonoManager ReloadAssembly
Native extension for UWP target not found
Native extension for WindowsStandalone target not found
Native extension for Android target not found
Refreshing native plugins compatible for Editor in 0.73 ms, found 4 plugins.
Preloading 0 native plugins for Editor in 0.00 ms.
Error saving file Library/StateCache/LayerSettings/9e/9ecc5c3c162a7aba29bafa64c8b94b7c.json. Error: System.IO.IOException: Sharing violation on path C:\Users\maddy\Documents\Unity Projects\Art-of-Combat\Slider_Beat\Library\StateCache\LayerSettings\9e\9ecc5c3c162a7aba29bafa64c8b94b7c.json
  at System.IO.FileStream..ctor (System.String path, System.IO.FileMode mode, System.IO.FileAccess access, System.IO.FileShare share, System.Int32 bufferSize, System.Boolean anonymous, System.IO.FileOptions options) [0x0019e] in <6073cf49ed704e958b8a66d540dea948>:0 
  at System.IO.FileStream..ctor (System.String path, System.IO.FileMode mode, System.IO.FileAccess access, System.IO.FileShare share, System.Int32 bufferSize, System.IO.FileOptions options) [0x00000] in <6073cf49ed704e958b8a66d540dea948>:0 
  at (wrapper remoting-invoke-with-check) System.IO.FileStream..ctor(string,System.IO.FileMode,System.IO.FileAccess,System.IO.FileShare,int,System.IO.FileOptions)
  at System.IO.StreamWriter..ctor (System.String path, System.Boolean append, System.Text.Encoding encoding, System.Int32 bufferSize) [0x00055] in <6073cf49ed704e958b8a66d540dea948>:0 
  at System.IO.StreamWriter..ctor (System.String path, System.Boolean append, System.Text.Encoding encoding) [0x00000] in <6073cf49ed704e958b8a66d540dea948>:0 
  at (wrapper remoting-invoke-with-check) System.IO.StreamWriter..ctor(string,bool,System.Text.Encoding)
  at System.IO.File.WriteAllText (System.String path, System.String contents, System.Text.Encoding encoding) [0x00034] in <6073cf49ed704e958b8a66d540dea948>:0 
  at UnityEditor.StateCache`1[T].SetState (UnityEngine.Hash128 key, T obj) [0x0004b] in <31b86d204baf45de8328f2d1261a79f7>:0 
UnityEngine.StackTraceUtility:ExtractStackTrace ()
UnityEngine.DebugLogHandler:LogFormat (UnityEngine.LogType,UnityEngine.Object,string,object[])
UnityEngine.Logger:Log (UnityEngine.LogType,object)
UnityEngine.Debug:LogError (object)
UnityEditor.StateCache`1<UnityEditor.Tools/LayerSettings>:SetState (UnityEngine.Hash128,UnityEditor.Tools/LayerSettings)
UnityEditor.Tools:set_lockedLayers (int)
UnityEditor.Tools:OnEnable ()
UnityEngine.ScriptableObject:CreateInstance (System.Type)
UnityEngine.ScriptableObject:CreateInstance<UnityEditor.Tools> ()
UnityEditor.Tools:get_get ()
UnityEditor.Tools:get_visibleLayers ()
UnityEditor.Animations.Rigging.BoneRendererUtils:.cctor () (at Library/PackageCache/com.unity.animation.rigging@1.1.1/Editor/Utils/BoneRendererUtils.cs:121)
System.Runtime.CompilerServices.RuntimeHelpers:RunClassConstructor (System.RuntimeTypeHandle)
UnityEditor.EditorAssemblies:ProcessInitializeOnLoadAttributes (System.Type[])

(Filename: Library/PackageCache/com.unity.animation.rigging@1.1.1/Editor/Utils/BoneRendererUtils.cs Line: 121)

Mono: successfully reloaded assembly
- Completed reload, in  1.840 seconds
Domain Reload Profiling:
	ReloadAssembly (1841ms)
		BeginReloadAssembly (247ms)
			ExecutionOrderSort (0ms)
			DisableScriptedObjects (6ms)
			BackupInstance (0ms)
			ReleaseScriptingObjects (0ms)
			CreateAndSetChildDomain (38ms)
		EndReloadAssembly (1415ms)
			LoadAssemblies (211ms)
			RebuildTransferFunctionScriptingTraits (0ms)
			SetupTypeCache (317ms)
			ReleaseScriptCaches (2ms)
			RebuildScriptCaches (63ms)
			SetupLoadedEditorAssemblies (770ms)
				LogAssemblyErrors (0ms)
				InitializePlatformSupportModulesInManaged (46ms)
				SetLoadedEditorAssemblies (1ms)
				RefreshPlugins (1ms)
				BeforeProcessingInitializeOnLoad (174ms)
				ProcessInitializeOnLoadAttributes (464ms)
				ProcessInitializeOnLoadMethodAttributes (36ms)
				AfterProcessingInitializeOnLoad (48ms)
				EditorAssembliesLoaded (0ms)
			ExecutionOrderSort2 (0ms)
			AwakeInstancesAfterBackupRestoration (32ms)
Platform modules already initialized, skipping
Refreshing native plugins compatible for Editor in 6.27 ms, found 4 plugins.
Preloading 0 native plugins for Editor in 0.00 ms.
Unloading 3236 Unused Serialized files (Serialized files now loaded: 0)
Unloading 38 unused Assets / (1.6 MB). Loaded Objects now: 4046.
Memory consumption went from 152.0 MB to 150.3 MB.
Total: 3.955500 ms (FindLiveObjects: 0.340500 ms CreateObjectMapping: 0.198400 ms MarkObjects: 2.981300 ms  DeleteObjects: 0.433900 ms)

AssetImportParameters requested are different than current active one (requested -> active):
  custom:video-decoder-ogg-theora: a1e56fd34408186e4bbccfd4996cb3dc -> 
  custom:container-muxer-webm: aa71ff27fc2769a1b78a27578f13a17b -> 
  custom:container-demuxer-webm: 4f35f7cbe854078d1ac9338744f61a02 -> 
  custom:video-encoder-webm-vp8: eb34c28f22e8b96e1ab97ce403110664 -> 
  custom:audio-encoder-webm-vorbis: bf7c407c2cedff20999df2af8eb42d56 -> 
  custom:framework-win-MediaFoundation: 216162199b28c13a410421893ffa2e32 -> 
  custom:container-demuxer-ogg: 62fdf1f143b41e24485cea50d1cbac27 -> 
  custom:video-decoder-webm-vp8: 9c59270c3fd7afecdb556c50c9e8de78 -> 
  custom:audio-decoder-ogg-vorbis: bf7c407c2cedff20999df2af8eb42d56 -> 
========================================================================
Received Import Request.
  Time since last request: 455.369380 seconds.
  path: Assets/TextMesh Pro/Fonts/GothamRnd-BoldItalic.otf
  artifactKey: Guid(d85b091bf21ca344ba7df24f2ee58878) Importer(815301076,1909f56bfc062723c751e8b465ee728b)
Start importing Assets/TextMesh Pro/Fonts/GothamRnd-BoldItalic.otf using Guid(d85b091bf21ca344ba7df24f2ee58878) Importer(815301076,1909f56bfc062723c751e8b465ee728b)  -> (artifact id: 'e2736c13d2899367418cc9a2c18a2581') in 0.079401 seconds 
========================================================================
Received Import Request.
  Time since last request: 0.000018 seconds.
  path: Assets/TextMesh Pro/Fonts/KDWilliam-Regular.otf
  artifactKey: Guid(7a355a831b5ad474f8020a3ae06e4906) Importer(815301076,1909f56bfc062723c751e8b465ee728b)
Start importing Assets/TextMesh Pro/Fonts/KDWilliam-Regular.otf using Guid(7a355a831b5ad474f8020a3ae06e4906) Importer(815301076,1909f56bfc062723c751e8b465ee728b)  -> (artifact id: 'f5cf5cb929ebdcc2ac7f2b60564432a6') in 0.022967 seconds 
========================================================================
Received Import Request.
  Time since last request: 0.000020 seconds.
  path: Assets/TextMesh Pro/Fonts/Stereofunk.ttf
  artifactKey: Guid(52d70bfc3377bec4daa28a6c4a915547) Importer(815301076,1909f56bfc062723c751e8b465ee728b)
Start importing Assets/TextMesh Pro/Fonts/Stereofunk.ttf using Guid(52d70bfc3377bec4daa28a6c4a915547) Importer(815301076,1909f56bfc062723c751e8b465ee728b)  -> (artifact id: 'c4c11bff679e667af3f7078ab830dafa') in 0.022953 seconds 
========================================================================
Received Import Request.
  Time since last request: 0.000016 seconds.
  path: Assets/TextMesh Pro/Fonts/quantfh.ttf
  artifactKey: Guid(65abb11b788af1e49ac0c91f08a40776) Importer(815301076,1909f56bfc062723c751e8b465ee728b)
Start importing Assets/TextMesh Pro/Fonts/quantfh.ttf using Guid(65abb11b788af1e49ac0c91f08a40776) Importer(815301076,1909f56bfc062723c751e8b465ee728b)  -> (artifact id: '8dec043fd88701f556593ed76e4b274e') in 0.021752 seconds 
========================================================================
Received Import Request.
  Time since last request: 0.000018 seconds.
  path: Assets/TextMesh Pro/Fonts/LiberationSans.ttf
  artifactKey: Guid(e3265ab4bf004d28a9537516768c1c75) Importer(815301076,1909f56bfc062723c751e8b465ee728b)
Start importing Assets/TextMesh Pro/Fonts/LiberationSans.ttf using Guid(e3265ab4bf004d28a9537516768c1c75) Importer(815301076,1909f56bfc062723c751e8b465ee728b)  -> (artifact id: '86e85d55384b22641579099d0f1ce7e8') in 0.022006 seconds 
========================================================================
Received Import Request.
  Time since last request: 0.000029 seconds.
  path: Assets/TextMesh Pro/Fonts/quantflt.ttf
  artifactKey: Guid(6fb8a5c948793c149ae345be8fffdae8) Importer(815301076,1909f56bfc062723c751e8b465ee728b)
Start importing Assets/TextMesh Pro/Fonts/quantflt.ttf using Guid(6fb8a5c948793c149ae345be8fffdae8) Importer(815301076,1909f56bfc062723c751e8b465ee728b)  -> (artifact id: 'd1642c8e8ec77ba7bb8bbb12c4ddad93') in 0.017824 seconds 
========================================================================
Received Import Request.
  Time since last request: 0.000017 seconds.
  path: Assets/TextMesh Pro/Fonts/quanttap.ttf
  artifactKey: Guid(f1583b620558f1a4fa7e18c4e373df41) Importer(815301076,1909f56bfc062723c751e8b465ee728b)
Start importing Assets/TextMesh Pro/Fonts/quanttap.ttf using Guid(f1583b620558f1a4fa7e18c4e373df41) Importer(815301076,1909f56bfc062723c751e8b465ee728b)  -> (artifact id: '4e2849083f924268844ffed68e8fd612') in 0.025941 seconds 
========================================================================
Received Import Request.
  Time since last request: 0.000016 seconds.
  path: Assets/TextMesh Pro/Fonts/GothamRnd-LightItalic.otf
  artifactKey: Guid(092d417410450354cb07efff3d667418) Importer(815301076,1909f56bfc062723c751e8b465ee728b)
Start importing Assets/TextMesh Pro/Fonts/GothamRnd-LightItalic.otf using Guid(092d417410450354cb07efff3d667418) Importer(815301076,1909f56bfc062723c751e8b465ee728b)  -> (artifact id: 'b5d8e2449a3a1d5a08562fa0a8fc466e') in 0.021759 seconds 
========================================================================
Received Prepare
Registering precompiled user dll's ...
Registered in 0.020241 seconds.
Begin MonoManager ReloadAssembly
Native extension for UWP target not found
Native extension for WindowsStandalone target not found
Native extension for Android target not found
Refreshing native plugins compatible for Editor in 1.11 ms, found 4 plugins.
Preloading 0 native plugins for Editor in 0.00 ms.
Mono: successfully reloaded assembly
- Completed reload, in  1.880 seconds
Domain Reload Profiling:
	ReloadAssembly (1881ms)
		BeginReloadAssembly (251ms)
			ExecutionOrderSort (0ms)
			DisableScriptedObjects (6ms)
			BackupInstance (0ms)
			ReleaseScriptingObjects (0ms)
			CreateAndSetChildDomain (42ms)
		EndReloadAssembly (1456ms)
			LoadAssemblies (215ms)
			RebuildTransferFunctionScriptingTraits (0ms)
			SetupTypeCache (319ms)
			ReleaseScriptCaches (1ms)
			RebuildScriptCaches (68ms)
			SetupLoadedEditorAssemblies (792ms)
				LogAssemblyErrors (0ms)
				InitializePlatformSupportModulesInManaged (51ms)
				SetLoadedEditorAssemblies (1ms)
				RefreshPlugins (1ms)
				BeforeProcessingInitializeOnLoad (183ms)
				ProcessInitializeOnLoadAttributes (468ms)
				ProcessInitializeOnLoadMethodAttributes (39ms)
				AfterProcessingInitializeOnLoad (48ms)
				EditorAssembliesLoaded (0ms)
			ExecutionOrderSort2 (0ms)
			AwakeInstancesAfterBackupRestoration (33ms)
Platform modules already initialized, skipping
Refreshing native plugins compatible for Editor in 6.35 ms, found 4 plugins.
Preloading 0 native plugins for Editor in 0.00 ms.
Unloading 3236 Unused Serialized files (Serialized files now loaded: 0)
Unloading 38 unused Assets / (1.6 MB). Loaded Objects now: 4063.
Memory consumption went from 152.1 MB to 150.4 MB.
Total: 3.671300 ms (FindLiveObjects: 0.317300 ms CreateObjectMapping: 0.164400 ms MarkObjects: 2.715400 ms  DeleteObjects: 0.473100 ms)

AssetImportParameters requested are different than current active one (requested -> active):
  custom:video-decoder-ogg-theora: a1e56fd34408186e4bbccfd4996cb3dc -> 
  custom:container-muxer-webm: aa71ff27fc2769a1b78a27578f13a17b -> 
  custom:container-demuxer-webm: 4f35f7cbe854078d1ac9338744f61a02 -> 
  custom:video-encoder-webm-vp8: eb34c28f22e8b96e1ab97ce403110664 -> 
  custom:audio-encoder-webm-vorbis: bf7c407c2cedff20999df2af8eb42d56 -> 
  custom:framework-win-MediaFoundation: 216162199b28c13a410421893ffa2e32 -> 
  custom:container-demuxer-ogg: 62fdf1f143b41e24485cea50d1cbac27 -> 
  custom:video-decoder-webm-vp8: 9c59270c3fd7afecdb556c50c9e8de78 -> 
  custom:audio-decoder-ogg-vorbis: bf7c407c2cedff20999df2af8eb42d56 -> 
========================================================================
Received Prepare
Registering precompiled user dll's ...
Registered in 0.019344 seconds.
Begin MonoManager ReloadAssembly
Native extension for UWP target not found
Native extension for WindowsStandalone target not found
Native extension for Android target not found
Refreshing native plugins compatible for Editor in 0.73 ms, found 4 plugins.
Preloading 0 native plugins for Editor in 0.00 ms.
Mono: successfully reloaded assembly
- Completed reload, in  1.724 seconds
Domain Reload Profiling:
	ReloadAssembly (1725ms)
		BeginReloadAssembly (252ms)
			ExecutionOrderSort (0ms)
			DisableScriptedObjects (6ms)
			BackupInstance (0ms)
			ReleaseScriptingObjects (0ms)
			CreateAndSetChildDomain (41ms)
		EndReloadAssembly (1303ms)
			LoadAssemblies (212ms)
			RebuildTransferFunctionScriptingTraits (0ms)
			SetupTypeCache (291ms)
			ReleaseScriptCaches (1ms)
			RebuildScriptCaches (58ms)
			SetupLoadedEditorAssemblies (707ms)
				LogAssemblyErrors (0ms)
				InitializePlatformSupportModulesInManaged (45ms)
				SetLoadedEditorAssemblies (1ms)
				RefreshPlugins (1ms)
				BeforeProcessingInitializeOnLoad (163ms)
				ProcessInitializeOnLoadAttributes (422ms)
				ProcessInitializeOnLoadMethodAttributes (34ms)
				AfterProcessingInitializeOnLoad (41ms)
				EditorAssembliesLoaded (0ms)
			ExecutionOrderSort2 (0ms)
			AwakeInstancesAfterBackupRestoration (25ms)
Platform modules already initialized, skipping
Refreshing native plugins compatible for Editor in 6.22 ms, found 4 plugins.
Preloading 0 native plugins for Editor in 0.00 ms.
Unloading 3236 Unused Serialized files (Serialized files now loaded: 0)
Unloading 38 unused Assets / (1.6 MB). Loaded Objects now: 4079.
Memory consumption went from 152.1 MB to 150.5 MB.
Total: 4.003500 ms (FindLiveObjects: 0.316600 ms CreateObjectMapping: 0.171800 ms MarkObjects: 3.121200 ms  DeleteObjects: 0.392200 ms)

AssetImportParameters requested are different than current active one (requested -> active):
  custom:video-decoder-ogg-theora: a1e56fd34408186e4bbccfd4996cb3dc -> 
  custom:container-muxer-webm: aa71ff27fc2769a1b78a27578f13a17b -> 
  custom:container-demuxer-webm: 4f35f7cbe854078d1ac9338744f61a02 -> 
  custom:video-encoder-webm-vp8: eb34c28f22e8b96e1ab97ce403110664 -> 
  custom:audio-encoder-webm-vorbis: bf7c407c2cedff20999df2af8eb42d56 -> 
  custom:framework-win-MediaFoundation: 216162199b28c13a410421893ffa2e32 -> 
  custom:container-demuxer-ogg: 62fdf1f143b41e24485cea50d1cbac27 -> 
  custom:video-decoder-webm-vp8: 9c59270c3fd7afecdb556c50c9e8de78 -> 
  custom:audio-decoder-ogg-vorbis: bf7c407c2cedff20999df2af8eb42d56 -> 
========================================================================
Received Prepare
Registering precompiled user dll's ...
Registered in 0.020162 seconds.
Begin MonoManager ReloadAssembly
Native extension for UWP target not found
Native extension for WindowsStandalone target not found
Native extension for Android target not found
Refreshing native plugins compatible for Editor in 0.71 ms, found 4 plugins.
Preloading 0 native plugins for Editor in 0.00 ms.
Mono: successfully reloaded assembly
- Completed reload, in  1.875 seconds
Domain Reload Profiling:
	ReloadAssembly (1876ms)
		BeginReloadAssembly (256ms)
			ExecutionOrderSort (0ms)
			DisableScriptedObjects (7ms)
			BackupInstance (0ms)
			ReleaseScriptingObjects (0ms)
			CreateAndSetChildDomain (41ms)
		EndReloadAssembly (1434ms)
			LoadAssemblies (212ms)
			RebuildTransferFunctionScriptingTraits (0ms)
			SetupTypeCache (312ms)
			ReleaseScriptCaches (1ms)
			RebuildScriptCaches (60ms)
			SetupLoadedEditorAssemblies (809ms)
				LogAssemblyErrors (0ms)
				InitializePlatformSupportModulesInManaged (47ms)
				SetLoadedEditorAssemblies (1ms)
				RefreshPlugins (1ms)
				BeforeProcessingInitializeOnLoad (188ms)
				ProcessInitializeOnLoadAttributes (491ms)
				ProcessInitializeOnLoadMethodAttributes (38ms)
				AfterProcessingInitializeOnLoad (43ms)
				EditorAssembliesLoaded (0ms)
			ExecutionOrderSort2 (0ms)
			AwakeInstancesAfterBackupRestoration (29ms)
Platform modules already initialized, skipping
Refreshing native plugins compatible for Editor in 6.07 ms, found 4 plugins.
Preloading 0 native plugins for Editor in 0.00 ms.
Unloading 3236 Unused Serialized files (Serialized files now loaded: 0)
Unloading 38 unused Assets / (1.6 MB). Loaded Objects now: 4095.
Memory consumption went from 152.1 MB to 150.5 MB.
Total: 3.958600 ms (FindLiveObjects: 0.346300 ms CreateObjectMapping: 0.228200 ms MarkObjects: 2.962700 ms  DeleteObjects: 0.419800 ms)

AssetImportParameters requested are different than current active one (requested -> active):
  custom:video-decoder-ogg-theora: a1e56fd34408186e4bbccfd4996cb3dc -> 
  custom:container-muxer-webm: aa71ff27fc2769a1b78a27578f13a17b -> 
  custom:container-demuxer-webm: 4f35f7cbe854078d1ac9338744f61a02 -> 
  custom:video-encoder-webm-vp8: eb34c28f22e8b96e1ab97ce403110664 -> 
  custom:audio-encoder-webm-vorbis: bf7c407c2cedff20999df2af8eb42d56 -> 
  custom:framework-win-MediaFoundation: 216162199b28c13a410421893ffa2e32 -> 
  custom:container-demuxer-ogg: 62fdf1f143b41e24485cea50d1cbac27 -> 
  custom:video-decoder-webm-vp8: 9c59270c3fd7afecdb556c50c9e8de78 -> 
  custom:audio-decoder-ogg-vorbis: bf7c407c2cedff20999df2af8eb42d56 -> 
========================================================================
Received Prepare
Registering precompiled user dll's ...
Registered in 0.020154 seconds.
Begin MonoManager ReloadAssembly
Native extension for UWP target not found
Native extension for WindowsStandalone target not found
Native extension for Android target not found
Refreshing native plugins compatible for Editor in 0.84 ms, found 4 plugins.
Preloading 0 native plugins for Editor in 0.00 ms.
Error saving file Library/StateCache/LayerSettings/9e/9ecc5c3c162a7aba29bafa64c8b94b7c.json. Error: System.IO.IOException: Sharing violation on path C:\Users\maddy\Documents\Unity Projects\Art-of-Combat\Slider_Beat\Library\StateCache\LayerSettings\9e\9ecc5c3c162a7aba29bafa64c8b94b7c.json
  at System.IO.FileStream..ctor (System.String path, System.IO.FileMode mode, System.IO.FileAccess access, System.IO.FileShare share, System.Int32 bufferSize, System.Boolean anonymous, System.IO.FileOptions options) [0x0019e] in <6073cf49ed704e958b8a66d540dea948>:0 
  at System.IO.FileStream..ctor (System.String path, System.IO.FileMode mode, System.IO.FileAccess access, System.IO.FileShare share, System.Int32 bufferSize, System.IO.FileOptions options) [0x00000] in <6073cf49ed704e958b8a66d540dea948>:0 
  at (wrapper remoting-invoke-with-check) System.IO.FileStream..ctor(string,System.IO.FileMode,System.IO.FileAccess,System.IO.FileShare,int,System.IO.FileOptions)
  at System.IO.StreamWriter..ctor (System.String path, System.Boolean append, System.Text.Encoding encoding, System.Int32 bufferSize) [0x00055] in <6073cf49ed704e958b8a66d540dea948>:0 
  at System.IO.StreamWriter..ctor (System.String path, System.Boolean append, System.Text.Encoding encoding) [0x00000] in <6073cf49ed704e958b8a66d540dea948>:0 
  at (wrapper remoting-invoke-with-check) System.IO.StreamWriter..ctor(string,bool,System.Text.Encoding)
  at System.IO.File.WriteAllText (System.String path, System.String contents, System.Text.Encoding encoding) [0x00034] in <6073cf49ed704e958b8a66d540dea948>:0 
  at UnityEditor.StateCache`1[T].SetState (UnityEngine.Hash128 key, T obj) [0x0004b] in <31b86d204baf45de8328f2d1261a79f7>:0 
UnityEngine.StackTraceUtility:ExtractStackTrace ()
UnityEngine.DebugLogHandler:LogFormat (UnityEngine.LogType,UnityEngine.Object,string,object[])
UnityEngine.Logger:Log (UnityEngine.LogType,object)
UnityEngine.Debug:LogError (object)
UnityEditor.StateCache`1<UnityEditor.Tools/LayerSettings>:SetState (UnityEngine.Hash128,UnityEditor.Tools/LayerSettings)
UnityEditor.Tools:set_lockedLayers (int)
UnityEditor.Tools:OnEnable ()

Mono: successfully reloaded assembly
- Completed reload, in  1.823 seconds
Domain Reload Profiling:
	ReloadAssembly (1824ms)
		BeginReloadAssembly (240ms)
			ExecutionOrderSort (0ms)
			DisableScriptedObjects (6ms)
			BackupInstance (0ms)
			ReleaseScriptingObjects (0ms)
			CreateAndSetChildDomain (36ms)
		EndReloadAssembly (1407ms)
			LoadAssemblies (203ms)
			RebuildTransferFunctionScriptingTraits (0ms)
			SetupTypeCache (309ms)
			ReleaseScriptCaches (2ms)
			RebuildScriptCaches (61ms)
			SetupLoadedEditorAssemblies (775ms)
				LogAssemblyErrors (0ms)
				InitializePlatformSupportModulesInManaged (45ms)
				SetLoadedEditorAssemblies (1ms)
				RefreshPlugins (1ms)
				BeforeProcessingInitializeOnLoad (173ms)
				ProcessInitializeOnLoadAttributes (468ms)
				ProcessInitializeOnLoadMethodAttributes (40ms)
				AfterProcessingInitializeOnLoad (47ms)
				EditorAssembliesLoaded (0ms)
			ExecutionOrderSort2 (0ms)
			AwakeInstancesAfterBackupRestoration (39ms)
Platform modules already initialized, skipping
Refreshing native plugins compatible for Editor in 6.07 ms, found 4 plugins.
Preloading 0 native plugins for Editor in 0.00 ms.
Unloading 3236 Unused Serialized files (Serialized files now loaded: 0)
Unloading 38 unused Assets / (1.7 MB). Loaded Objects now: 4111.
Memory consumption went from 152.1 MB to 150.5 MB.
Total: 4.007900 ms (FindLiveObjects: 0.319000 ms CreateObjectMapping: 0.203200 ms MarkObjects: 3.081400 ms  DeleteObjects: 0.403100 ms)

AssetImportParameters requested are different than current active one (requested -> active):
  custom:video-decoder-ogg-theora: a1e56fd34408186e4bbccfd4996cb3dc -> 
  custom:container-muxer-webm: aa71ff27fc2769a1b78a27578f13a17b -> 
  custom:container-demuxer-webm: 4f35f7cbe854078d1ac9338744f61a02 -> 
  custom:video-encoder-webm-vp8: eb34c28f22e8b96e1ab97ce403110664 -> 
  custom:audio-encoder-webm-vorbis: bf7c407c2cedff20999df2af8eb42d56 -> 
  custom:framework-win-MediaFoundation: 216162199b28c13a410421893ffa2e32 -> 
  custom:container-demuxer-ogg: 62fdf1f143b41e24485cea50d1cbac27 -> 
  custom:video-decoder-webm-vp8: 9c59270c3fd7afecdb556c50c9e8de78 -> 
  custom:audio-decoder-ogg-vorbis: bf7c407c2cedff20999df2af8eb42d56 -> 
========================================================================
Received Prepare
Registering precompiled user dll's ...
Registered in 0.022483 seconds.
Begin MonoManager ReloadAssembly
Native extension for UWP target not found
Native extension for WindowsStandalone target not found
Native extension for Android target not found
Refreshing native plugins compatible for Editor in 0.92 ms, found 4 plugins.
Preloading 0 native plugins for Editor in 0.00 ms.
Mono: successfully reloaded assembly
- Completed reload, in  1.766 seconds
Domain Reload Profiling:
	ReloadAssembly (1767ms)
		BeginReloadAssembly (238ms)
			ExecutionOrderSort (0ms)
			DisableScriptedObjects (6ms)
			BackupInstance (0ms)
			ReleaseScriptingObjects (0ms)
			CreateAndSetChildDomain (37ms)
		EndReloadAssembly (1351ms)
			LoadAssemblies (208ms)
			RebuildTransferFunctionScriptingTraits (0ms)
			SetupTypeCache (298ms)
			ReleaseScriptCaches (1ms)
			RebuildScriptCaches (59ms)
			SetupLoadedEditorAssemblies (742ms)
				LogAssemblyErrors (0ms)
				InitializePlatformSupportModulesInManaged (47ms)
				SetLoadedEditorAssemblies (1ms)
				RefreshPlugins (1ms)
				BeforeProcessingInitializeOnLoad (174ms)
				ProcessInitializeOnLoadAttributes (445ms)
				ProcessInitializeOnLoadMethodAttributes (34ms)
				AfterProcessingInitializeOnLoad (40ms)
				EditorAssembliesLoaded (0ms)
			ExecutionOrderSort2 (0ms)
			AwakeInstancesAfterBackupRestoration (31ms)
Platform modules already initialized, skipping
Refreshing native plugins compatible for Editor in 6.12 ms, found 4 plugins.
Preloading 0 native plugins for Editor in 0.00 ms.
Unloading 3236 Unused Serialized files (Serialized files now loaded: 0)
Unloading 38 unused Assets / (1.6 MB). Loaded Objects now: 4127.
Memory consumption went from 152.2 MB to 150.6 MB.
Total: 3.418700 ms (FindLiveObjects: 0.309800 ms CreateObjectMapping: 0.167000 ms MarkObjects: 2.536200 ms  DeleteObjects: 0.404700 ms)

AssetImportParameters requested are different than current active one (requested -> active):
  custom:video-decoder-ogg-theora: a1e56fd34408186e4bbccfd4996cb3dc -> 
  custom:container-muxer-webm: aa71ff27fc2769a1b78a27578f13a17b -> 
  custom:container-demuxer-webm: 4f35f7cbe854078d1ac9338744f61a02 -> 
  custom:video-encoder-webm-vp8: eb34c28f22e8b96e1ab97ce403110664 -> 
  custom:audio-encoder-webm-vorbis: bf7c407c2cedff20999df2af8eb42d56 -> 
  custom:framework-win-MediaFoundation: 216162199b28c13a410421893ffa2e32 -> 
  custom:container-demuxer-ogg: 62fdf1f143b41e24485cea50d1cbac27 -> 
  custom:video-decoder-webm-vp8: 9c59270c3fd7afecdb556c50c9e8de78 -> 
  custom:audio-decoder-ogg-vorbis: bf7c407c2cedff20999df2af8eb42d56 -> 
========================================================================
Received Prepare
Registering precompiled user dll's ...
Registered in 0.021789 seconds.
Begin MonoManager ReloadAssembly
Native extension for UWP target not found
Native extension for WindowsStandalone target not found
Native extension for Android target not found
Refreshing native plugins compatible for Editor in 0.76 ms, found 4 plugins.
Preloading 0 native plugins for Editor in 0.00 ms.
Mono: successfully reloaded assembly
- Completed reload, in  1.795 seconds
Domain Reload Profiling:
	ReloadAssembly (1795ms)
		BeginReloadAssembly (234ms)
			ExecutionOrderSort (0ms)
			DisableScriptedObjects (6ms)
			BackupInstance (0ms)
			ReleaseScriptingObjects (0ms)
			CreateAndSetChildDomain (37ms)
		EndReloadAssembly (1389ms)
			LoadAssemblies (205ms)
			RebuildTransferFunctionScriptingTraits (0ms)
			SetupTypeCache (316ms)
			ReleaseScriptCaches (2ms)
			RebuildScriptCaches (61ms)
			SetupLoadedEditorAssemblies (752ms)
				LogAssemblyErrors (0ms)
				InitializePlatformSupportModulesInManaged (46ms)
				SetLoadedEditorAssemblies (1ms)
				RefreshPlugins (1ms)
				BeforeProcessingInitializeOnLoad (167ms)
				ProcessInitializeOnLoadAttributes (461ms)
				ProcessInitializeOnLoadMethodAttributes (36ms)
				AfterProcessingInitializeOnLoad (41ms)
				EditorAssembliesLoaded (0ms)
			ExecutionOrderSort2 (0ms)
			AwakeInstancesAfterBackupRestoration (33ms)
Platform modules already initialized, skipping
Refreshing native plugins compatible for Editor in 6.78 ms, found 4 plugins.
Preloading 0 native plugins for Editor in 0.00 ms.
Unloading 3236 Unused Serialized files (Serialized files now loaded: 0)
Unloading 38 unused Assets / (1.6 MB). Loaded Objects now: 4143.
Memory consumption went from 152.2 MB to 150.6 MB.
Total: 3.670900 ms (FindLiveObjects: 0.340800 ms CreateObjectMapping: 0.173700 ms MarkObjects: 2.767600 ms  DeleteObjects: 0.387600 ms)

AssetImportParameters requested are different than current active one (requested -> active):
  custom:video-decoder-ogg-theora: a1e56fd34408186e4bbccfd4996cb3dc -> 
  custom:container-muxer-webm: aa71ff27fc2769a1b78a27578f13a17b -> 
  custom:container-demuxer-webm: 4f35f7cbe854078d1ac9338744f61a02 -> 
  custom:video-encoder-webm-vp8: eb34c28f22e8b96e1ab97ce403110664 -> 
  custom:audio-encoder-webm-vorbis: bf7c407c2cedff20999df2af8eb42d56 -> 
  custom:framework-win-MediaFoundation: 216162199b28c13a410421893ffa2e32 -> 
  custom:container-demuxer-ogg: 62fdf1f143b41e24485cea50d1cbac27 -> 
  custom:video-decoder-webm-vp8: 9c59270c3fd7afecdb556c50c9e8de78 -> 
  custom:audio-decoder-ogg-vorbis: bf7c407c2cedff20999df2af8eb42d56 -> 
========================================================================
Received Prepare
Registering precompiled user dll's ...
Registered in 0.021085 seconds.
Begin MonoManager ReloadAssembly
Native extension for UWP target not found
Native extension for WindowsStandalone target not found
Native extension for Android target not found
Refreshing native plugins compatible for Editor in 0.70 ms, found 4 plugins.
Preloading 0 native plugins for Editor in 0.00 ms.
Error saving file Library/StateCache/LayerSettings/9e/9ecc5c3c162a7aba29bafa64c8b94b7c.json. Error: System.IO.IOException: Sharing violation on path C:\Users\maddy\Documents\Unity Projects\Art-of-Combat\Slider_Beat\Library\StateCache\LayerSettings\9e\9ecc5c3c162a7aba29bafa64c8b94b7c.json
  at System.IO.FileStream..ctor (System.String path, System.IO.FileMode mode, System.IO.FileAccess access, System.IO.FileShare share, System.Int32 bufferSize, System.Boolean anonymous, System.IO.FileOptions options) [0x0019e] in <6073cf49ed704e958b8a66d540dea948>:0 
  at System.IO.FileStream..ctor (System.String path, System.IO.FileMode mode, System.IO.FileAccess access, System.IO.FileShare share, System.Int32 bufferSize, System.IO.FileOptions options) [0x00000] in <6073cf49ed704e958b8a66d540dea948>:0 
  at (wrapper remoting-invoke-with-check) System.IO.FileStream..ctor(string,System.IO.FileMode,System.IO.FileAccess,System.IO.FileShare,int,System.IO.FileOptions)
  at System.IO.StreamWriter..ctor (System.String path, System.Boolean append, System.Text.Encoding encoding, System.Int32 bufferSize) [0x00055] in <6073cf49ed704e958b8a66d540dea948>:0 
  at System.IO.StreamWriter..ctor (System.String path, System.Boolean append, System.Text.Encoding encoding) [0x00000] in <6073cf49ed704e958b8a66d540dea948>:0 
  at (wrapper remoting-invoke-with-check) System.IO.StreamWriter..ctor(string,bool,System.Text.Encoding)
  at System.IO.File.WriteAllText (System.String path, System.String contents, System.Text.Encoding encoding) [0x00034] in <6073cf49ed704e958b8a66d540dea948>:0 
  at UnityEditor.StateCache`1[T].SetState (UnityEngine.Hash128 key, T obj) [0x0004b] in <31b86d204baf45de8328f2d1261a79f7>:0 
UnityEngine.StackTraceUtility:ExtractStackTrace ()
UnityEngine.DebugLogHandler:LogFormat (UnityEngine.LogType,UnityEngine.Object,string,object[])
UnityEngine.Logger:Log (UnityEngine.LogType,object)
UnityEngine.Debug:LogError (object)
UnityEditor.StateCache`1<UnityEditor.Tools/LayerSettings>:SetState (UnityEngine.Hash128,UnityEditor.Tools/LayerSettings)
UnityEditor.Tools:set_lockedLayers (int)
UnityEditor.Tools:OnEnable ()
UnityEngine.ScriptableObject:CreateInstance (System.Type)
UnityEngine.ScriptableObject:CreateInstance<UnityEditor.Tools> ()
UnityEditor.Tools:get_get ()
UnityEditor.Tools:get_visibleLayers ()
UnityEditor.Animations.Rigging.BoneRendererUtils:.cctor () (at Library/PackageCache/com.unity.animation.rigging@1.1.1/Editor/Utils/BoneRendererUtils.cs:121)
System.Runtime.CompilerServices.RuntimeHelpers:RunClassConstructor (System.RuntimeTypeHandle)
UnityEditor.EditorAssemblies:ProcessInitializeOnLoadAttributes (System.Type[])

(Filename: Library/PackageCache/com.unity.animation.rigging@1.1.1/Editor/Utils/BoneRendererUtils.cs Line: 121)

Mono: successfully reloaded assembly
- Completed reload, in  1.781 seconds
Domain Reload Profiling:
	ReloadAssembly (1782ms)
		BeginReloadAssembly (232ms)
			ExecutionOrderSort (0ms)
			DisableScriptedObjects (5ms)
			BackupInstance (0ms)
			ReleaseScriptingObjects (0ms)
			CreateAndSetChildDomain (35ms)
		EndReloadAssembly (1373ms)
			LoadAssemblies (200ms)
			RebuildTransferFunctionScriptingTraits (0ms)
			SetupTypeCache (311ms)
			ReleaseScriptCaches (1ms)
			RebuildScriptCaches (60ms)
			SetupLoadedEditorAssemblies (747ms)
				LogAssemblyErrors (0ms)
				InitializePlatformSupportModulesInManaged (47ms)
				SetLoadedEditorAssemblies (1ms)
				RefreshPlugins (1ms)
				BeforeProcessingInitializeOnLoad (170ms)
				ProcessInitializeOnLoadAttributes (455ms)
				ProcessInitializeOnLoadMethodAttributes (34ms)
				AfterProcessingInitializeOnLoad (41ms)
				EditorAssembliesLoaded (0ms)
			ExecutionOrderSort2 (0ms)
			AwakeInstancesAfterBackupRestoration (37ms)
Platform modules already initialized, skipping
Refreshing native plugins compatible for Editor in 7.55 ms, found 4 plugins.
Preloading 0 native plugins for Editor in 0.00 ms.
Unloading 3236 Unused Serialized files (Serialized files now loaded: 0)
Unloading 38 unused Assets / (1.7 MB). Loaded Objects now: 4159.
Memory consumption went from 152.3 MB to 150.7 MB.
Total: 62.716200 ms (FindLiveObjects: 6.641200 ms CreateObjectMapping: 0.178800 ms MarkObjects: 55.408600 ms  DeleteObjects: 0.485800 ms)

AssetImportParameters requested are different than current active one (requested -> active):
  custom:video-decoder-ogg-theora: a1e56fd34408186e4bbccfd4996cb3dc -> 
  custom:container-muxer-webm: aa71ff27fc2769a1b78a27578f13a17b -> 
  custom:container-demuxer-webm: 4f35f7cbe854078d1ac9338744f61a02 -> 
  custom:video-encoder-webm-vp8: eb34c28f22e8b96e1ab97ce403110664 -> 
  custom:audio-encoder-webm-vorbis: bf7c407c2cedff20999df2af8eb42d56 -> 
  custom:framework-win-MediaFoundation: 216162199b28c13a410421893ffa2e32 -> 
  custom:container-demuxer-ogg: 62fdf1f143b41e24485cea50d1cbac27 -> 
  custom:video-decoder-webm-vp8: 9c59270c3fd7afecdb556c50c9e8de78 -> 
  custom:audio-decoder-ogg-vorbis: bf7c407c2cedff20999df2af8eb42d56 -> 
========================================================================
Received Prepare
Registering precompiled user dll's ...
Registered in 0.021518 seconds.
Begin MonoManager ReloadAssembly
Native extension for UWP target not found
Native extension for WindowsStandalone target not found
Native extension for Android target not found
Refreshing native plugins compatible for Editor in 0.73 ms, found 4 plugins.
Preloading 0 native plugins for Editor in 0.00 ms.
Error saving file Library/StateCache/LayerSettings/9e/9ecc5c3c162a7aba29bafa64c8b94b7c.json. Error: System.IO.IOException: Sharing violation on path C:\Users\maddy\Documents\Unity Projects\Art-of-Combat\Slider_Beat\Library\StateCache\LayerSettings\9e\9ecc5c3c162a7aba29bafa64c8b94b7c.json
  at System.IO.FileStream..ctor (System.String path, System.IO.FileMode mode, System.IO.FileAccess access, System.IO.FileShare share, System.Int32 bufferSize, System.Boolean anonymous, System.IO.FileOptions options) [0x0019e] in <6073cf49ed704e958b8a66d540dea948>:0 
  at System.IO.FileStream..ctor (System.String path, System.IO.FileMode mode, System.IO.FileAccess access, System.IO.FileShare share, System.Int32 bufferSize, System.IO.FileOptions options) [0x00000] in <6073cf49ed704e958b8a66d540dea948>:0 
  at (wrapper remoting-invoke-with-check) System.IO.FileStream..ctor(string,System.IO.FileMode,System.IO.FileAccess,System.IO.FileShare,int,System.IO.FileOptions)
  at System.IO.StreamWriter..ctor (System.String path, System.Boolean append, System.Text.Encoding encoding, System.Int32 bufferSize) [0x00055] in <6073cf49ed704e958b8a66d540dea948>:0 
  at System.IO.StreamWriter..ctor (System.String path, System.Boolean append, System.Text.Encoding encoding) [0x00000] in <6073cf49ed704e958b8a66d540dea948>:0 
  at (wrapper remoting-invoke-with-check) System.IO.StreamWriter..ctor(string,bool,System.Text.Encoding)
  at System.IO.File.WriteAllText (System.String path, System.String contents, System.Text.Encoding encoding) [0x00034] in <6073cf49ed704e958b8a66d540dea948>:0 
  at UnityEditor.StateCache`1[T].SetState (UnityEngine.Hash128 key, T obj) [0x0004b] in <31b86d204baf45de8328f2d1261a79f7>:0 
UnityEngine.StackTraceUtility:ExtractStackTrace ()
UnityEngine.DebugLogHandler:LogFormat (UnityEngine.LogType,UnityEngine.Object,string,object[])
UnityEngine.Logger:Log (UnityEngine.LogType,object)
UnityEngine.Debug:LogError (object)
UnityEditor.StateCache`1<UnityEditor.Tools/LayerSettings>:SetState (UnityEngine.Hash128,UnityEditor.Tools/LayerSettings)
UnityEditor.Tools:set_lockedLayers (int)
UnityEditor.Tools:OnEnable ()
UnityEngine.ScriptableObject:CreateInstance (System.Type)
UnityEngine.ScriptableObject:CreateInstance<UnityEditor.Tools> ()
UnityEditor.Tools:get_get ()
UnityEditor.Tools:get_visibleLayers ()
UnityEditor.Animations.Rigging.BoneRendererUtils:.cctor () (at Library/PackageCache/com.unity.animation.rigging@1.1.1/Editor/Utils/BoneRendererUtils.cs:121)
System.Runtime.CompilerServices.RuntimeHelpers:RunClassConstructor (System.RuntimeTypeHandle)
UnityEditor.EditorAssemblies:ProcessInitializeOnLoadAttributes (System.Type[])

(Filename: Library/PackageCache/com.unity.animation.rigging@1.1.1/Editor/Utils/BoneRendererUtils.cs Line: 121)

Mono: successfully reloaded assembly
- Completed reload, in  1.794 seconds
Domain Reload Profiling:
	ReloadAssembly (1795ms)
		BeginReloadAssembly (244ms)
			ExecutionOrderSort (0ms)
			DisableScriptedObjects (6ms)
			BackupInstance (0ms)
			ReleaseScriptingObjects (0ms)
			CreateAndSetChildDomain (39ms)
		EndReloadAssembly (1373ms)
			LoadAssemblies (215ms)
			RebuildTransferFunctionScriptingTraits (0ms)
			SetupTypeCache (310ms)
			ReleaseScriptCaches (1ms)
			RebuildScriptCaches (59ms)
			SetupLoadedEditorAssemblies (738ms)
				LogAssemblyErrors (0ms)
				InitializePlatformSupportModulesInManaged (47ms)
				SetLoadedEditorAssemblies (1ms)
				RefreshPlugins (1ms)
				BeforeProcessingInitializeOnLoad (172ms)
				ProcessInitializeOnLoadAttributes (444ms)
				ProcessInitializeOnLoadMethodAttributes (33ms)
				AfterProcessingInitializeOnLoad (40ms)
				EditorAssembliesLoaded (0ms)
			ExecutionOrderSort2 (0ms)
			AwakeInstancesAfterBackupRestoration (35ms)
Platform modules already initialized, skipping
Refreshing native plugins compatible for Editor in 6.87 ms, found 4 plugins.
Preloading 0 native plugins for Editor in 0.00 ms.
Unloading 3236 Unused Serialized files (Serialized files now loaded: 0)
Unloading 38 unused Assets / (1.6 MB). Loaded Objects now: 4175.
Memory consumption went from 152.3 MB to 150.7 MB.
Total: 3.739000 ms (FindLiveObjects: 0.347300 ms CreateObjectMapping: 0.199600 ms MarkObjects: 2.778900 ms  DeleteObjects: 0.411900 ms)

AssetImportParameters requested are different than current active one (requested -> active):
  custom:video-decoder-ogg-theora: a1e56fd34408186e4bbccfd4996cb3dc -> 
  custom:container-muxer-webm: aa71ff27fc2769a1b78a27578f13a17b -> 
  custom:container-demuxer-webm: 4f35f7cbe854078d1ac9338744f61a02 -> 
  custom:video-encoder-webm-vp8: eb34c28f22e8b96e1ab97ce403110664 -> 
  custom:audio-encoder-webm-vorbis: bf7c407c2cedff20999df2af8eb42d56 -> 
  custom:framework-win-MediaFoundation: 216162199b28c13a410421893ffa2e32 -> 
  custom:container-demuxer-ogg: 62fdf1f143b41e24485cea50d1cbac27 -> 
  custom:video-decoder-webm-vp8: 9c59270c3fd7afecdb556c50c9e8de78 -> 
  custom:audio-decoder-ogg-vorbis: bf7c407c2cedff20999df2af8eb42d56 -> 
========================================================================
Received Prepare
Registering precompiled user dll's ...
Registered in 0.018050 seconds.
Begin MonoManager ReloadAssembly
Native extension for UWP target not found
Native extension for WindowsStandalone target not found
Native extension for Android target not found
Refreshing native plugins compatible for Editor in 0.74 ms, found 4 plugins.
Preloading 0 native plugins for Editor in 0.00 ms.
Error saving file Library/StateCache/LayerSettings/9e/9ecc5c3c162a7aba29bafa64c8b94b7c.json. Error: System.IO.IOException: Sharing violation on path C:\Users\maddy\Documents\Unity Projects\Art-of-Combat\Slider_Beat\Library\StateCache\LayerSettings\9e\9ecc5c3c162a7aba29bafa64c8b94b7c.json
  at System.IO.FileStream..ctor (System.String path, System.IO.FileMode mode, System.IO.FileAccess access, System.IO.FileShare share, System.Int32 bufferSize, System.Boolean anonymous, System.IO.FileOptions options) [0x0019e] in <6073cf49ed704e958b8a66d540dea948>:0 
  at System.IO.FileStream..ctor (System.String path, System.IO.FileMode mode, System.IO.FileAccess access, System.IO.FileShare share, System.Int32 bufferSize, System.IO.FileOptions options) [0x00000] in <6073cf49ed704e958b8a66d540dea948>:0 
  at (wrapper remoting-invoke-with-check) System.IO.FileStream..ctor(string,System.IO.FileMode,System.IO.FileAccess,System.IO.FileShare,int,System.IO.FileOptions)
  at System.IO.StreamWriter..ctor (System.String path, System.Boolean append, System.Text.Encoding encoding, System.Int32 bufferSize) [0x00055] in <6073cf49ed704e958b8a66d540dea948>:0 
  at System.IO.StreamWriter..ctor (System.String path, System.Boolean append, System.Text.Encoding encoding) [0x00000] in <6073cf49ed704e958b8a66d540dea948>:0 
  at (wrapper remoting-invoke-with-check) System.IO.StreamWriter..ctor(string,bool,System.Text.Encoding)
  at System.IO.File.WriteAllText (System.String path, System.String contents, System.Text.Encoding encoding) [0x00034] in <6073cf49ed704e958b8a66d540dea948>:0 
  at UnityEditor.StateCache`1[T].SetState (UnityEngine.Hash128 key, T obj) [0x0004b] in <31b86d204baf45de8328f2d1261a79f7>:0 
UnityEngine.StackTraceUtility:ExtractStackTrace ()
UnityEngine.DebugLogHandler:LogFormat (UnityEngine.LogType,UnityEngine.Object,string,object[])
UnityEngine.Logger:Log (UnityEngine.LogType,object)
UnityEngine.Debug:LogError (object)
UnityEditor.StateCache`1<UnityEditor.Tools/LayerSettings>:SetState (UnityEngine.Hash128,UnityEditor.Tools/LayerSettings)
UnityEditor.Tools:set_lockedLayers (int)
UnityEditor.Tools:OnEnable ()

Mono: successfully reloaded assembly
- Completed reload, in  1.824 seconds
Domain Reload Profiling:
	ReloadAssembly (1824ms)
		BeginReloadAssembly (228ms)
			ExecutionOrderSort (0ms)
			DisableScriptedObjects (6ms)
			BackupInstance (0ms)
			ReleaseScriptingObjects (0ms)
			CreateAndSetChildDomain (36ms)
		EndReloadAssembly (1423ms)
			LoadAssemblies (192ms)
			RebuildTransferFunctionScriptingTraits (0ms)
			SetupTypeCache (314ms)
			ReleaseScriptCaches (1ms)
			RebuildScriptCaches (61ms)
			SetupLoadedEditorAssemblies (783ms)
				LogAssemblyErrors (0ms)
				InitializePlatformSupportModulesInManaged (46ms)
				SetLoadedEditorAssemblies (1ms)
				RefreshPlugins (1ms)
				BeforeProcessingInitializeOnLoad (190ms)
				ProcessInitializeOnLoadAttributes (464ms)
				ProcessInitializeOnLoadMethodAttributes (38ms)
				AfterProcessingInitializeOnLoad (45ms)
				EditorAssembliesLoaded (0ms)
			ExecutionOrderSort2 (0ms)
			AwakeInstancesAfterBackupRestoration (44ms)
Platform modules already initialized, skipping
Refreshing native plugins compatible for Editor in 6.31 ms, found 4 plugins.
Preloading 0 native plugins for Editor in 0.00 ms.
Unloading 3236 Unused Serialized files (Serialized files now loaded: 0)
Unloading 38 unused Assets / (1.6 MB). Loaded Objects now: 4191.
Memory consumption went from 152.3 MB to 150.7 MB.
Total: 4.526100 ms (FindLiveObjects: 0.450100 ms CreateObjectMapping: 0.280400 ms MarkObjects: 3.360000 ms  DeleteObjects: 0.434300 ms)

AssetImportParameters requested are different than current active one (requested -> active):
  custom:video-decoder-ogg-theora: a1e56fd34408186e4bbccfd4996cb3dc -> 
  custom:container-muxer-webm: aa71ff27fc2769a1b78a27578f13a17b -> 
  custom:container-demuxer-webm: 4f35f7cbe854078d1ac9338744f61a02 -> 
  custom:video-encoder-webm-vp8: eb34c28f22e8b96e1ab97ce403110664 -> 
  custom:audio-encoder-webm-vorbis: bf7c407c2cedff20999df2af8eb42d56 -> 
  custom:framework-win-MediaFoundation: 216162199b28c13a410421893ffa2e32 -> 
  custom:container-demuxer-ogg: 62fdf1f143b41e24485cea50d1cbac27 -> 
  custom:video-decoder-webm-vp8: 9c59270c3fd7afecdb556c50c9e8de78 -> 
  custom:audio-decoder-ogg-vorbis: bf7c407c2cedff20999df2af8eb42d56 -> 
========================================================================
Received Prepare
Registering precompiled user dll's ...
Registered in 0.020886 seconds.
Begin MonoManager ReloadAssembly
Native extension for UWP target not found
Native extension for WindowsStandalone target not found
Native extension for Android target not found
Refreshing native plugins compatible for Editor in 0.80 ms, found 4 plugins.
Preloading 0 native plugins for Editor in 0.00 ms.
Mono: successfully reloaded assembly
- Completed reload, in  1.903 seconds
Domain Reload Profiling:
	ReloadAssembly (1904ms)
		BeginReloadAssembly (249ms)
			ExecutionOrderSort (0ms)
			DisableScriptedObjects (6ms)
			BackupInstance (0ms)
			ReleaseScriptingObjects (0ms)
			CreateAndSetChildDomain (42ms)
		EndReloadAssembly (1472ms)
			LoadAssemblies (221ms)
			RebuildTransferFunctionScriptingTraits (0ms)
			SetupTypeCache (336ms)
			ReleaseScriptCaches (2ms)
			RebuildScriptCaches (68ms)
			SetupLoadedEditorAssemblies (788ms)
				LogAssemblyErrors (0ms)
				InitializePlatformSupportModulesInManaged (49ms)
				SetLoadedEditorAssemblies (1ms)
				RefreshPlugins (1ms)
				BeforeProcessingInitializeOnLoad (173ms)
				ProcessInitializeOnLoadAttributes (482ms)
				ProcessInitializeOnLoadMethodAttributes (38ms)
				AfterProcessingInitializeOnLoad (42ms)
				EditorAssembliesLoaded (0ms)
			ExecutionOrderSort2 (0ms)
			AwakeInstancesAfterBackupRestoration (38ms)
Platform modules already initialized, skipping
Refreshing native plugins compatible for Editor in 7.31 ms, found 4 plugins.
Preloading 0 native plugins for Editor in 0.00 ms.
Unloading 3236 Unused Serialized files (Serialized files now loaded: 0)
Unloading 38 unused Assets / (1.6 MB). Loaded Objects now: 4207.
Memory consumption went from 152.3 MB to 150.7 MB.
Total: 3.725100 ms (FindLiveObjects: 0.381300 ms CreateObjectMapping: 0.183500 ms MarkObjects: 2.749300 ms  DeleteObjects: 0.409700 ms)

AssetImportParameters requested are different than current active one (requested -> active):
  custom:video-decoder-ogg-theora: a1e56fd34408186e4bbccfd4996cb3dc -> 
  custom:container-muxer-webm: aa71ff27fc2769a1b78a27578f13a17b -> 
  custom:container-demuxer-webm: 4f35f7cbe854078d1ac9338744f61a02 -> 
  custom:video-encoder-webm-vp8: eb34c28f22e8b96e1ab97ce403110664 -> 
  custom:audio-encoder-webm-vorbis: bf7c407c2cedff20999df2af8eb42d56 -> 
  custom:framework-win-MediaFoundation: 216162199b28c13a410421893ffa2e32 -> 
  custom:container-demuxer-ogg: 62fdf1f143b41e24485cea50d1cbac27 -> 
  custom:video-decoder-webm-vp8: 9c59270c3fd7afecdb556c50c9e8de78 -> 
  custom:audio-decoder-ogg-vorbis: bf7c407c2cedff20999df2af8eb42d56 -> 
========================================================================
Received Prepare
Registering precompiled user dll's ...
Registered in 0.021193 seconds.
Begin MonoManager ReloadAssembly
Native extension for UWP target not found
Native extension for WindowsStandalone target not found
Native extension for Android target not found
Refreshing native plugins compatible for Editor in 0.72 ms, found 4 plugins.
Preloading 0 native plugins for Editor in 0.00 ms.
Error saving file Library/StateCache/LayerSettings/9e/9ecc5c3c162a7aba29bafa64c8b94b7c.json. Error: System.IO.IOException: Sharing violation on path C:\Users\maddy\Documents\Unity Projects\Art-of-Combat\Slider_Beat\Library\StateCache\LayerSettings\9e\9ecc5c3c162a7aba29bafa64c8b94b7c.json
  at System.IO.FileStream..ctor (System.String path, System.IO.FileMode mode, System.IO.FileAccess access, System.IO.FileShare share, System.Int32 bufferSize, System.Boolean anonymous, System.IO.FileOptions options) [0x0019e] in <6073cf49ed704e958b8a66d540dea948>:0 
  at System.IO.FileStream..ctor (System.String path, System.IO.FileMode mode, System.IO.FileAccess access, System.IO.FileShare share, System.Int32 bufferSize, System.IO.FileOptions options) [0x00000] in <6073cf49ed704e958b8a66d540dea948>:0 
  at (wrapper remoting-invoke-with-check) System.IO.FileStream..ctor(string,System.IO.FileMode,System.IO.FileAccess,System.IO.FileShare,int,System.IO.FileOptions)
  at System.IO.StreamWriter..ctor (System.String path, System.Boolean append, System.Text.Encoding encoding, System.Int32 bufferSize) [0x00055] in <6073cf49ed704e958b8a66d540dea948>:0 
  at System.IO.StreamWriter..ctor (System.String path, System.Boolean append, System.Text.Encoding encoding) [0x00000] in <6073cf49ed704e958b8a66d540dea948>:0 
  at (wrapper remoting-invoke-with-check) System.IO.StreamWriter..ctor(string,bool,System.Text.Encoding)
  at System.IO.File.WriteAllText (System.String path, System.String contents, System.Text.Encoding encoding) [0x00034] in <6073cf49ed704e958b8a66d540dea948>:0 
  at UnityEditor.StateCache`1[T].SetState (UnityEngine.Hash128 key, T obj) [0x0004b] in <31b86d204baf45de8328f2d1261a79f7>:0 
UnityEngine.StackTraceUtility:ExtractStackTrace ()
UnityEngine.DebugLogHandler:LogFormat (UnityEngine.LogType,UnityEngine.Object,string,object[])
UnityEngine.Logger:Log (UnityEngine.LogType,object)
UnityEngine.Debug:LogError (object)
UnityEditor.StateCache`1<UnityEditor.Tools/LayerSettings>:SetState (UnityEngine.Hash128,UnityEditor.Tools/LayerSettings)
UnityEditor.Tools:set_lockedLayers (int)
UnityEditor.Tools:OnEnable ()

Mono: successfully reloaded assembly
- Completed reload, in  1.798 seconds
Domain Reload Profiling:
	ReloadAssembly (1799ms)
		BeginReloadAssembly (238ms)
			ExecutionOrderSort (0ms)
			DisableScriptedObjects (6ms)
			BackupInstance (0ms)
			ReleaseScriptingObjects (0ms)
			CreateAndSetChildDomain (37ms)
		EndReloadAssembly (1388ms)
			LoadAssemblies (210ms)
			RebuildTransferFunctionScriptingTraits (0ms)
			SetupTypeCache (311ms)
			ReleaseScriptCaches (2ms)
			RebuildScriptCaches (61ms)
			SetupLoadedEditorAssemblies (744ms)
				LogAssemblyErrors (0ms)
				InitializePlatformSupportModulesInManaged (46ms)
				SetLoadedEditorAssemblies (1ms)
				RefreshPlugins (1ms)
				BeforeProcessingInitializeOnLoad (175ms)
				ProcessInitializeOnLoadAttributes (446ms)
				ProcessInitializeOnLoadMethodAttributes (34ms)
				AfterProcessingInitializeOnLoad (42ms)
				EditorAssembliesLoaded (0ms)
			ExecutionOrderSort2 (0ms)
			AwakeInstancesAfterBackupRestoration (44ms)
Platform modules already initialized, skipping
Refreshing native plugins compatible for Editor in 5.85 ms, found 4 plugins.
Preloading 0 native plugins for Editor in 0.00 ms.
Unloading 3236 Unused Serialized files (Serialized files now loaded: 0)
Unloading 38 unused Assets / (1.7 MB). Loaded Objects now: 4223.
Memory consumption went from 152.4 MB to 150.7 MB.
Total: 3.980000 ms (FindLiveObjects: 0.339300 ms CreateObjectMapping: 0.194900 ms MarkObjects: 2.973400 ms  DeleteObjects: 0.471300 ms)

AssetImportParameters requested are different than current active one (requested -> active):
  custom:video-decoder-ogg-theora: a1e56fd34408186e4bbccfd4996cb3dc -> 
  custom:container-muxer-webm: aa71ff27fc2769a1b78a27578f13a17b -> 
  custom:container-demuxer-webm: 4f35f7cbe854078d1ac9338744f61a02 -> 
  custom:video-encoder-webm-vp8: eb34c28f22e8b96e1ab97ce403110664 -> 
  custom:audio-encoder-webm-vorbis: bf7c407c2cedff20999df2af8eb42d56 -> 
  custom:framework-win-MediaFoundation: 216162199b28c13a410421893ffa2e32 -> 
  custom:container-demuxer-ogg: 62fdf1f143b41e24485cea50d1cbac27 -> 
  custom:video-decoder-webm-vp8: 9c59270c3fd7afecdb556c50c9e8de78 -> 
  custom:audio-decoder-ogg-vorbis: bf7c407c2cedff20999df2af8eb42d56 -> 
========================================================================
Received Prepare
Registering precompiled user dll's ...
Registered in 0.019720 seconds.
Begin MonoManager ReloadAssembly
Native extension for UWP target not found
Native extension for WindowsStandalone target not found
Native extension for Android target not found
Refreshing native plugins compatible for Editor in 0.73 ms, found 4 plugins.
Preloading 0 native plugins for Editor in 0.00 ms.
Mono: successfully reloaded assembly
- Completed reload, in  1.881 seconds
Domain Reload Profiling:
	ReloadAssembly (1882ms)
		BeginReloadAssembly (254ms)
			ExecutionOrderSort (0ms)
			DisableScriptedObjects (6ms)
			BackupInstance (0ms)
			ReleaseScriptingObjects (0ms)
			CreateAndSetChildDomain (44ms)
		EndReloadAssembly (1442ms)
			LoadAssemblies (218ms)
			RebuildTransferFunctionScriptingTraits (0ms)
			SetupTypeCache (325ms)
			ReleaseScriptCaches (2ms)
			RebuildScriptCaches (69ms)
			SetupLoadedEditorAssemblies (768ms)
				LogAssemblyErrors (0ms)
				InitializePlatformSupportModulesInManaged (49ms)
				SetLoadedEditorAssemblies (1ms)
				RefreshPlugins (1ms)
				BeforeProcessingInitializeOnLoad (173ms)
				ProcessInitializeOnLoadAttributes (463ms)
				ProcessInitializeOnLoadMethodAttributes (36ms)
				AfterProcessingInitializeOnLoad (45ms)
				EditorAssembliesLoaded (0ms)
			ExecutionOrderSort2 (0ms)
			AwakeInstancesAfterBackupRestoration (40ms)
Platform modules already initialized, skipping
Refreshing native plugins compatible for Editor in 6.56 ms, found 4 plugins.
Preloading 0 native plugins for Editor in 0.00 ms.
Unloading 3236 Unused Serialized files (Serialized files now loaded: 0)
Unloading 38 unused Assets / (1.6 MB). Loaded Objects now: 4239.
Memory consumption went from 152.4 MB to 150.7 MB.
Total: 4.146600 ms (FindLiveObjects: 0.359300 ms CreateObjectMapping: 0.313800 ms MarkObjects: 3.055700 ms  DeleteObjects: 0.416500 ms)

AssetImportParameters requested are different than current active one (requested -> active):
  custom:video-decoder-ogg-theora: a1e56fd34408186e4bbccfd4996cb3dc -> 
  custom:container-muxer-webm: aa71ff27fc2769a1b78a27578f13a17b -> 
  custom:container-demuxer-webm: 4f35f7cbe854078d1ac9338744f61a02 -> 
  custom:video-encoder-webm-vp8: eb34c28f22e8b96e1ab97ce403110664 -> 
  custom:audio-encoder-webm-vorbis: bf7c407c2cedff20999df2af8eb42d56 -> 
  custom:framework-win-MediaFoundation: 216162199b28c13a410421893ffa2e32 -> 
  custom:container-demuxer-ogg: 62fdf1f143b41e24485cea50d1cbac27 -> 
  custom:video-decoder-webm-vp8: 9c59270c3fd7afecdb556c50c9e8de78 -> 
  custom:audio-decoder-ogg-vorbis: bf7c407c2cedff20999df2af8eb42d56 -> 
========================================================================
Received Prepare
Registering precompiled user dll's ...
Registered in 0.020607 seconds.
Begin MonoManager ReloadAssembly
Native extension for UWP target not found
Native extension for WindowsStandalone target not found
Native extension for Android target not found
Refreshing native plugins compatible for Editor in 0.83 ms, found 4 plugins.
Preloading 0 native plugins for Editor in 0.00 ms.
Mono: successfully reloaded assembly
- Completed reload, in  2.095 seconds
Domain Reload Profiling:
	ReloadAssembly (2095ms)
		BeginReloadAssembly (262ms)
			ExecutionOrderSort (0ms)
			DisableScriptedObjects (6ms)
			BackupInstance (0ms)
			ReleaseScriptingObjects (0ms)
			CreateAndSetChildDomain (38ms)
		EndReloadAssembly (1538ms)
			LoadAssemblies (228ms)
			RebuildTransferFunctionScriptingTraits (0ms)
			SetupTypeCache (347ms)
			ReleaseScriptCaches (2ms)
			RebuildScriptCaches (67ms)
			SetupLoadedEditorAssemblies (839ms)
				LogAssemblyErrors (0ms)
				InitializePlatformSupportModulesInManaged (50ms)
				SetLoadedEditorAssemblies (1ms)
				RefreshPlugins (1ms)
				BeforeProcessingInitializeOnLoad (181ms)
				ProcessInitializeOnLoadAttributes (518ms)
				ProcessInitializeOnLoadMethodAttributes (42ms)
				AfterProcessingInitializeOnLoad (45ms)
				EditorAssembliesLoaded (0ms)
			ExecutionOrderSort2 (0ms)
			AwakeInstancesAfterBackupRestoration (43ms)
Platform modules already initialized, skipping
Refreshing native plugins compatible for Editor in 6.54 ms, found 4 plugins.
Preloading 0 native plugins for Editor in 0.00 ms.
Unloading 3236 Unused Serialized files (Serialized files now loaded: 0)
Unloading 38 unused Assets / (1.6 MB). Loaded Objects now: 4255.
Memory consumption went from 152.4 MB to 150.8 MB.
Total: 4.271900 ms (FindLiveObjects: 0.344000 ms CreateObjectMapping: 0.201200 ms MarkObjects: 3.306200 ms  DeleteObjects: 0.419100 ms)

AssetImportParameters requested are different than current active one (requested -> active):
  custom:video-decoder-ogg-theora: a1e56fd34408186e4bbccfd4996cb3dc -> 
  custom:container-muxer-webm: aa71ff27fc2769a1b78a27578f13a17b -> 
  custom:container-demuxer-webm: 4f35f7cbe854078d1ac9338744f61a02 -> 
  custom:video-encoder-webm-vp8: eb34c28f22e8b96e1ab97ce403110664 -> 
  custom:audio-encoder-webm-vorbis: bf7c407c2cedff20999df2af8eb42d56 -> 
  custom:framework-win-MediaFoundation: 216162199b28c13a410421893ffa2e32 -> 
  custom:container-demuxer-ogg: 62fdf1f143b41e24485cea50d1cbac27 -> 
  custom:video-decoder-webm-vp8: 9c59270c3fd7afecdb556c50c9e8de78 -> 
  custom:audio-decoder-ogg-vorbis: bf7c407c2cedff20999df2af8eb42d56 -> 
========================================================================
Received Prepare
Registering precompiled user dll's ...
Registered in 0.021233 seconds.
Begin MonoManager ReloadAssembly
Native extension for UWP target not found
Native extension for WindowsStandalone target not found
Native extension for Android target not found
Refreshing native plugins compatible for Editor in 0.86 ms, found 4 plugins.
Preloading 0 native plugins for Editor in 0.00 ms.
Mono: successfully reloaded assembly
- Completed reload, in  2.038 seconds
Domain Reload Profiling:
	ReloadAssembly (2039ms)
		BeginReloadAssembly (261ms)
			ExecutionOrderSort (0ms)
			DisableScriptedObjects (6ms)
			BackupInstance (0ms)
			ReleaseScriptingObjects (0ms)
			CreateAndSetChildDomain (42ms)
		EndReloadAssembly (1578ms)
			LoadAssemblies (223ms)
			RebuildTransferFunctionScriptingTraits (0ms)
			SetupTypeCache (358ms)
			ReleaseScriptCaches (2ms)
			RebuildScriptCaches (67ms)
			SetupLoadedEditorAssemblies (855ms)
				LogAssemblyErrors (0ms)
				InitializePlatformSupportModulesInManaged (54ms)
				SetLoadedEditorAssemblies (1ms)
				RefreshPlugins (1ms)
				BeforeProcessingInitializeOnLoad (188ms)
				ProcessInitializeOnLoadAttributes (523ms)
				ProcessInitializeOnLoadMethodAttributes (42ms)
				AfterProcessingInitializeOnLoad (46ms)
				EditorAssembliesLoaded (0ms)
			ExecutionOrderSort2 (0ms)
			AwakeInstancesAfterBackupRestoration (45ms)
Platform modules already initialized, skipping
Refreshing native plugins compatible for Editor in 8.27 ms, found 4 plugins.
Preloading 0 native plugins for Editor in 0.00 ms.
Unloading 3236 Unused Serialized files (Serialized files now loaded: 0)
Unloading 38 unused Assets / (1.6 MB). Loaded Objects now: 4271.
Memory consumption went from 152.4 MB to 150.8 MB.
Total: 4.936700 ms (FindLiveObjects: 0.396800 ms CreateObjectMapping: 0.225500 ms MarkObjects: 3.780200 ms  DeleteObjects: 0.532900 ms)

AssetImportParameters requested are different than current active one (requested -> active):
  custom:video-decoder-ogg-theora: a1e56fd34408186e4bbccfd4996cb3dc -> 
  custom:container-muxer-webm: aa71ff27fc2769a1b78a27578f13a17b -> 
  custom:container-demuxer-webm: 4f35f7cbe854078d1ac9338744f61a02 -> 
  custom:video-encoder-webm-vp8: eb34c28f22e8b96e1ab97ce403110664 -> 
  custom:audio-encoder-webm-vorbis: bf7c407c2cedff20999df2af8eb42d56 -> 
  custom:framework-win-MediaFoundation: 216162199b28c13a410421893ffa2e32 -> 
  custom:container-demuxer-ogg: 62fdf1f143b41e24485cea50d1cbac27 -> 
  custom:video-decoder-webm-vp8: 9c59270c3fd7afecdb556c50c9e8de78 -> 
  custom:audio-decoder-ogg-vorbis: bf7c407c2cedff20999df2af8eb42d56 -> 
========================================================================
Received Prepare
Registering precompiled user dll's ...
Registered in 0.019622 seconds.
Begin MonoManager ReloadAssembly
Native extension for UWP target not found
Native extension for WindowsStandalone target not found
Native extension for Android target not found
Refreshing native plugins compatible for Editor in 0.73 ms, found 4 plugins.
Preloading 0 native plugins for Editor in 0.00 ms.
Error loading file Library/StateCache/LayerSettings/9e/9ecc5c3c162a7aba29bafa64c8b94b7c.json. Error: System.IO.IOException: Sharing violation on path C:\Users\maddy\Documents\Unity Projects\Art-of-Combat\Slider_Beat\Library\StateCache\LayerSettings\9e\9ecc5c3c162a7aba29bafa64c8b94b7c.json
  at System.IO.FileStream..ctor (System.String path, System.IO.FileMode mode, System.IO.FileAccess access, System.IO.FileShare share, System.Int32 bufferSize, System.Boolean anonymous, System.IO.FileOptions options) [0x0019e] in <6073cf49ed704e958b8a66d540dea948>:0 
  at System.IO.FileStream..ctor (System.String path, System.IO.FileMode mode, System.IO.FileAccess access, System.IO.FileShare share, System.Int32 bufferSize, System.IO.FileOptions options) [0x00000] in <6073cf49ed704e958b8a66d540dea948>:0 
  at (wrapper remoting-invoke-with-check) System.IO.FileStream..ctor(string,System.IO.FileMode,System.IO.FileAccess,System.IO.FileShare,int,System.IO.FileOptions)
  at System.IO.StreamReader..ctor (System.String path, System.Text.Encoding encoding, System.Boolean detectEncodingFromByteOrderMarks, System.Int32 bufferSize) [0x00055] in <6073cf49ed704e958b8a66d540dea948>:0 
  at System.IO.StreamReader..ctor (System.String path, System.Text.Encoding encoding, System.Boolean detectEncodingFromByteOrderMarks) [0x00000] in <6073cf49ed704e958b8a66d540dea948>:0 
  at (wrapper remoting-invoke-with-check) System.IO.StreamReader..ctor(string,System.Text.Encoding,bool)
  at System.IO.File.InternalReadAllText (System.String path, System.Text.Encoding encoding) [0x00000] in <6073cf49ed704e958b8a66d540dea948>:0 
  at System.IO.File.ReadAllText (System.String path, System.Text.Encoding encoding) [0x00034] in <6073cf49ed704e958b8a66d540dea948>:0 
  at UnityEditor.StateCache`1[T].GetState (UnityEngine.Hash128 key, T defaultValue) [0x00041] in <31b86d204baf45de8328f2d1261a79f7>:0 
UnityEngine.StackTraceUtility:ExtractStackTrace ()
UnityEngine.DebugLogHandler:LogFormat (UnityEngine.LogType,UnityEngine.Object,string,object[])
UnityEngine.Logger:Log (UnityEngine.LogType,object)
UnityEngine.Debug:LogError (object)
UnityEditor.StateCache`1<UnityEditor.Tools/LayerSettings>:GetState (UnityEngine.Hash128,UnityEditor.Tools/LayerSettings)
UnityEditor.Tools:OnEnable ()
UnityEngine.ScriptableObject:CreateInstance (System.Type)
UnityEngine.ScriptableObject:CreateInstance<UnityEditor.Tools> ()
UnityEditor.Tools:get_get ()
UnityEditor.Tools:get_visibleLayers ()
UnityEditor.Animations.Rigging.BoneRendererUtils:.cctor () (at Library/PackageCache/com.unity.animation.rigging@1.1.1/Editor/Utils/BoneRendererUtils.cs:121)
System.Runtime.CompilerServices.RuntimeHelpers:RunClassConstructor (System.RuntimeTypeHandle)
UnityEditor.EditorAssemblies:ProcessInitializeOnLoadAttributes (System.Type[])

(Filename: Library/PackageCache/com.unity.animation.rigging@1.1.1/Editor/Utils/BoneRendererUtils.cs Line: 121)

Mono: successfully reloaded assembly
- Completed reload, in  1.734 seconds
Domain Reload Profiling:
	ReloadAssembly (1735ms)
		BeginReloadAssembly (255ms)
			ExecutionOrderSort (0ms)
			DisableScriptedObjects (6ms)
			BackupInstance (0ms)
			ReleaseScriptingObjects (0ms)
			CreateAndSetChildDomain (41ms)
		EndReloadAssembly (1317ms)
			LoadAssemblies (211ms)
			RebuildTransferFunctionScriptingTraits (0ms)
			SetupTypeCache (294ms)
			ReleaseScriptCaches (1ms)
			RebuildScriptCaches (63ms)
			SetupLoadedEditorAssemblies (699ms)
				LogAssemblyErrors (0ms)
				InitializePlatformSupportModulesInManaged (43ms)
				SetLoadedEditorAssemblies (1ms)
				RefreshPlugins (1ms)
				BeforeProcessingInitializeOnLoad (157ms)
				ProcessInitializeOnLoadAttributes (424ms)
				ProcessInitializeOnLoadMethodAttributes (33ms)
				AfterProcessingInitializeOnLoad (41ms)
				EditorAssembliesLoaded (0ms)
			ExecutionOrderSort2 (0ms)
			AwakeInstancesAfterBackupRestoration (39ms)
Platform modules already initialized, skipping
Refreshing native plugins compatible for Editor in 6.31 ms, found 4 plugins.
Preloading 0 native plugins for Editor in 0.00 ms.
Unloading 3236 Unused Serialized files (Serialized files now loaded: 0)
Unloading 38 unused Assets / (1.6 MB). Loaded Objects now: 4287.
Memory consumption went from 152.5 MB to 150.9 MB.
Total: 4.002600 ms (FindLiveObjects: 0.407400 ms CreateObjectMapping: 0.273400 ms MarkObjects: 2.860000 ms  DeleteObjects: 0.460600 ms)

AssetImportParameters requested are different than current active one (requested -> active):
  custom:video-decoder-ogg-theora: a1e56fd34408186e4bbccfd4996cb3dc -> 
  custom:container-muxer-webm: aa71ff27fc2769a1b78a27578f13a17b -> 
  custom:container-demuxer-webm: 4f35f7cbe854078d1ac9338744f61a02 -> 
  custom:video-encoder-webm-vp8: eb34c28f22e8b96e1ab97ce403110664 -> 
  custom:audio-encoder-webm-vorbis: bf7c407c2cedff20999df2af8eb42d56 -> 
  custom:framework-win-MediaFoundation: 216162199b28c13a410421893ffa2e32 -> 
  custom:container-demuxer-ogg: 62fdf1f143b41e24485cea50d1cbac27 -> 
  custom:video-decoder-webm-vp8: 9c59270c3fd7afecdb556c50c9e8de78 -> 
  custom:audio-decoder-ogg-vorbis: bf7c407c2cedff20999df2af8eb42d56 -> 
========================================================================
Received Prepare
Registering precompiled user dll's ...
Registered in 0.019279 seconds.
Begin MonoManager ReloadAssembly
Native extension for UWP target not found
Native extension for WindowsStandalone target not found
Native extension for Android target not found
Refreshing native plugins compatible for Editor in 0.77 ms, found 4 plugins.
Preloading 0 native plugins for Editor in 0.00 ms.
Error saving file Library/StateCache/LayerSettings/9e/9ecc5c3c162a7aba29bafa64c8b94b7c.json. Error: System.IO.IOException: Sharing violation on path C:\Users\maddy\Documents\Unity Projects\Art-of-Combat\Slider_Beat\Library\StateCache\LayerSettings\9e\9ecc5c3c162a7aba29bafa64c8b94b7c.json
  at System.IO.FileStream..ctor (System.String path, System.IO.FileMode mode, System.IO.FileAccess access, System.IO.FileShare share, System.Int32 bufferSize, System.Boolean anonymous, System.IO.FileOptions options) [0x0019e] in <6073cf49ed704e958b8a66d540dea948>:0 
  at System.IO.FileStream..ctor (System.String path, System.IO.FileMode mode, System.IO.FileAccess access, System.IO.FileShare share, System.Int32 bufferSize, System.IO.FileOptions options) [0x00000] in <6073cf49ed704e958b8a66d540dea948>:0 
  at (wrapper remoting-invoke-with-check) System.IO.FileStream..ctor(string,System.IO.FileMode,System.IO.FileAccess,System.IO.FileShare,int,System.IO.FileOptions)
  at System.IO.StreamWriter..ctor (System.String path, System.Boolean append, System.Text.Encoding encoding, System.Int32 bufferSize) [0x00055] in <6073cf49ed704e958b8a66d540dea948>:0 
  at System.IO.StreamWriter..ctor (System.String path, System.Boolean append, System.Text.Encoding encoding) [0x00000] in <6073cf49ed704e958b8a66d540dea948>:0 
  at (wrapper remoting-invoke-with-check) System.IO.StreamWriter..ctor(string,bool,System.Text.Encoding)
  at System.IO.File.WriteAllText (System.String path, System.String contents, System.Text.Encoding encoding) [0x00034] in <6073cf49ed704e958b8a66d540dea948>:0 
  at UnityEditor.StateCache`1[T].SetState (UnityEngine.Hash128 key, T obj) [0x0004b] in <31b86d204baf45de8328f2d1261a79f7>:0 
UnityEngine.StackTraceUtility:ExtractStackTrace ()
UnityEngine.DebugLogHandler:LogFormat (UnityEngine.LogType,UnityEngine.Object,string,object[])
UnityEngine.Logger:Log (UnityEngine.LogType,object)
UnityEngine.Debug:LogError (object)
UnityEditor.StateCache`1<UnityEditor.Tools/LayerSettings>:SetState (UnityEngine.Hash128,UnityEditor.Tools/LayerSettings)
UnityEditor.Tools:set_lockedLayers (int)
UnityEditor.Tools:OnEnable ()

Mono: successfully reloaded assembly
- Completed reload, in  1.903 seconds
Domain Reload Profiling:
	ReloadAssembly (1903ms)
		BeginReloadAssembly (254ms)
			ExecutionOrderSort (0ms)
			DisableScriptedObjects (7ms)
			BackupInstance (0ms)
			ReleaseScriptingObjects (0ms)
			CreateAndSetChildDomain (41ms)
		EndReloadAssembly (1459ms)
			LoadAssemblies (222ms)
			RebuildTransferFunctionScriptingTraits (0ms)
			SetupTypeCache (333ms)
			ReleaseScriptCaches (2ms)
			RebuildScriptCaches (61ms)
			SetupLoadedEditorAssemblies (781ms)
				LogAssemblyErrors (0ms)
				InitializePlatformSupportModulesInManaged (50ms)
				SetLoadedEditorAssemblies (1ms)
				RefreshPlugins (1ms)
				BeforeProcessingInitializeOnLoad (181ms)
				ProcessInitializeOnLoadAttributes (466ms)
				ProcessInitializeOnLoadMethodAttributes (38ms)
				AfterProcessingInitializeOnLoad (45ms)
				EditorAssembliesLoaded (0ms)
			ExecutionOrderSort2 (0ms)
			AwakeInstancesAfterBackupRestoration (50ms)
Platform modules already initialized, skipping
Refreshing native plugins compatible for Editor in 6.85 ms, found 4 plugins.
Preloading 0 native plugins for Editor in 0.00 ms.
Unloading 3236 Unused Serialized files (Serialized files now loaded: 0)
Unloading 38 unused Assets / (1.6 MB). Loaded Objects now: 4303.
Memory consumption went from 152.5 MB to 150.9 MB.
Total: 3.985500 ms (FindLiveObjects: 0.351300 ms CreateObjectMapping: 0.192600 ms MarkObjects: 3.039800 ms  DeleteObjects: 0.400400 ms)

AssetImportParameters requested are different than current active one (requested -> active):
  custom:video-decoder-ogg-theora: a1e56fd34408186e4bbccfd4996cb3dc -> 
  custom:container-muxer-webm: aa71ff27fc2769a1b78a27578f13a17b -> 
  custom:container-demuxer-webm: 4f35f7cbe854078d1ac9338744f61a02 -> 
  custom:video-encoder-webm-vp8: eb34c28f22e8b96e1ab97ce403110664 -> 
  custom:audio-encoder-webm-vorbis: bf7c407c2cedff20999df2af8eb42d56 -> 
  custom:framework-win-MediaFoundation: 216162199b28c13a410421893ffa2e32 -> 
  custom:container-demuxer-ogg: 62fdf1f143b41e24485cea50d1cbac27 -> 
  custom:video-decoder-webm-vp8: 9c59270c3fd7afecdb556c50c9e8de78 -> 
  custom:audio-decoder-ogg-vorbis: bf7c407c2cedff20999df2af8eb42d56 -> 
========================================================================
Received Prepare
Registering precompiled user dll's ...
Registered in 0.018373 seconds.
Begin MonoManager ReloadAssembly
Native extension for UWP target not found
Native extension for WindowsStandalone target not found
Native extension for Android target not found
Refreshing native plugins compatible for Editor in 0.82 ms, found 4 plugins.
Preloading 0 native plugins for Editor in 0.00 ms.
Error saving file Library/StateCache/LayerSettings/9e/9ecc5c3c162a7aba29bafa64c8b94b7c.json. Error: System.IO.IOException: Sharing violation on path C:\Users\maddy\Documents\Unity Projects\Art-of-Combat\Slider_Beat\Library\StateCache\LayerSettings\9e\9ecc5c3c162a7aba29bafa64c8b94b7c.json
  at System.IO.FileStream..ctor (System.String path, System.IO.FileMode mode, System.IO.FileAccess access, System.IO.FileShare share, System.Int32 bufferSize, System.Boolean anonymous, System.IO.FileOptions options) [0x0019e] in <6073cf49ed704e958b8a66d540dea948>:0 
  at System.IO.FileStream..ctor (System.String path, System.IO.FileMode mode, System.IO.FileAccess access, System.IO.FileShare share, System.Int32 bufferSize, System.IO.FileOptions options) [0x00000] in <6073cf49ed704e958b8a66d540dea948>:0 
  at (wrapper remoting-invoke-with-check) System.IO.FileStream..ctor(string,System.IO.FileMode,System.IO.FileAccess,System.IO.FileShare,int,System.IO.FileOptions)
  at System.IO.StreamWriter..ctor (System.String path, System.Boolean append, System.Text.Encoding encoding, System.Int32 bufferSize) [0x00055] in <6073cf49ed704e958b8a66d540dea948>:0 
  at System.IO.StreamWriter..ctor (System.String path, System.Boolean append, System.Text.Encoding encoding) [0x00000] in <6073cf49ed704e958b8a66d540dea948>:0 
  at (wrapper remoting-invoke-with-check) System.IO.StreamWriter..ctor(string,bool,System.Text.Encoding)
  at System.IO.File.WriteAllText (System.String path, System.String contents, System.Text.Encoding encoding) [0x00034] in <6073cf49ed704e958b8a66d540dea948>:0 
  at UnityEditor.StateCache`1[T].SetState (UnityEngine.Hash128 key, T obj) [0x0004b] in <31b86d204baf45de8328f2d1261a79f7>:0 
UnityEngine.StackTraceUtility:ExtractStackTrace ()
UnityEngine.DebugLogHandler:LogFormat (UnityEngine.LogType,UnityEngine.Object,string,object[])
UnityEngine.Logger:Log (UnityEngine.LogType,object)
UnityEngine.Debug:LogError (object)
UnityEditor.StateCache`1<UnityEditor.Tools/LayerSettings>:SetState (UnityEngine.Hash128,UnityEditor.Tools/LayerSettings)
UnityEditor.Tools:set_lockedLayers (int)
UnityEditor.Tools:OnEnable ()
UnityEngine.ScriptableObject:CreateInstance (System.Type)
UnityEngine.ScriptableObject:CreateInstance<UnityEditor.Tools> ()
UnityEditor.Tools:get_get ()
UnityEditor.Tools:get_visibleLayers ()
UnityEditor.Animations.Rigging.BoneRendererUtils:.cctor () (at Library/PackageCache/com.unity.animation.rigging@1.1.1/Editor/Utils/BoneRendererUtils.cs:121)
System.Runtime.CompilerServices.RuntimeHelpers:RunClassConstructor (System.RuntimeTypeHandle)
UnityEditor.EditorAssemblies:ProcessInitializeOnLoadAttributes (System.Type[])

(Filename: Library/PackageCache/com.unity.animation.rigging@1.1.1/Editor/Utils/BoneRendererUtils.cs Line: 121)

Mono: successfully reloaded assembly
- Completed reload, in  1.939 seconds
Domain Reload Profiling:
	ReloadAssembly (1940ms)
		BeginReloadAssembly (242ms)
			ExecutionOrderSort (0ms)
			DisableScriptedObjects (6ms)
			BackupInstance (0ms)
			ReleaseScriptingObjects (0ms)
			CreateAndSetChildDomain (37ms)
		EndReloadAssembly (1512ms)
			LoadAssemblies (210ms)
			RebuildTransferFunctionScriptingTraits (0ms)
			SetupTypeCache (336ms)
			ReleaseScriptCaches (2ms)
			RebuildScriptCaches (72ms)
			SetupLoadedEditorAssemblies (812ms)
				LogAssemblyErrors (0ms)
				InitializePlatformSupportModulesInManaged (51ms)
				SetLoadedEditorAssemblies (1ms)
				RefreshPlugins (1ms)
				BeforeProcessingInitializeOnLoad (180ms)
				ProcessInitializeOnLoadAttributes (490ms)
				ProcessInitializeOnLoadMethodAttributes (40ms)
				AfterProcessingInitializeOnLoad (48ms)
				EditorAssembliesLoaded (0ms)
			ExecutionOrderSort2 (0ms)
			AwakeInstancesAfterBackupRestoration (47ms)
Platform modules already initialized, skipping
Refreshing native plugins compatible for Editor in 6.48 ms, found 4 plugins.
Preloading 0 native plugins for Editor in 0.00 ms.
Unloading 3236 Unused Serialized files (Serialized files now loaded: 0)
Unloading 38 unused Assets / (1.6 MB). Loaded Objects now: 4319.
Memory consumption went from 152.5 MB to 150.9 MB.
Total: 4.368900 ms (FindLiveObjects: 0.350500 ms CreateObjectMapping: 0.180600 ms MarkObjects: 3.388600 ms  DeleteObjects: 0.447400 ms)

AssetImportParameters requested are different than current active one (requested -> active):
  custom:video-decoder-ogg-theora: a1e56fd34408186e4bbccfd4996cb3dc -> 
  custom:container-muxer-webm: aa71ff27fc2769a1b78a27578f13a17b -> 
  custom:container-demuxer-webm: 4f35f7cbe854078d1ac9338744f61a02 -> 
  custom:video-encoder-webm-vp8: eb34c28f22e8b96e1ab97ce403110664 -> 
  custom:audio-encoder-webm-vorbis: bf7c407c2cedff20999df2af8eb42d56 -> 
  custom:framework-win-MediaFoundation: 216162199b28c13a410421893ffa2e32 -> 
  custom:container-demuxer-ogg: 62fdf1f143b41e24485cea50d1cbac27 -> 
  custom:video-decoder-webm-vp8: 9c59270c3fd7afecdb556c50c9e8de78 -> 
  custom:audio-decoder-ogg-vorbis: bf7c407c2cedff20999df2af8eb42d56 -> 
========================================================================
Received Prepare
Registering precompiled user dll's ...
Registered in 0.020199 seconds.
Begin MonoManager ReloadAssembly
Native extension for UWP target not found
Native extension for WindowsStandalone target not found
Native extension for Android target not found
Refreshing native plugins compatible for Editor in 0.75 ms, found 4 plugins.
Preloading 0 native plugins for Editor in 0.00 ms.
Error loading file Library/StateCache/LayerSettings/9e/9ecc5c3c162a7aba29bafa64c8b94b7c.json. Error: System.IO.IOException: Sharing violation on path C:\Users\maddy\Documents\Unity Projects\Art-of-Combat\Slider_Beat\Library\StateCache\LayerSettings\9e\9ecc5c3c162a7aba29bafa64c8b94b7c.json
  at System.IO.FileStream..ctor (System.String path, System.IO.FileMode mode, System.IO.FileAccess access, System.IO.FileShare share, System.Int32 bufferSize, System.Boolean anonymous, System.IO.FileOptions options) [0x0019e] in <6073cf49ed704e958b8a66d540dea948>:0 
  at System.IO.FileStream..ctor (System.String path, System.IO.FileMode mode, System.IO.FileAccess access, System.IO.FileShare share, System.Int32 bufferSize, System.IO.FileOptions options) [0x00000] in <6073cf49ed704e958b8a66d540dea948>:0 
  at (wrapper remoting-invoke-with-check) System.IO.FileStream..ctor(string,System.IO.FileMode,System.IO.FileAccess,System.IO.FileShare,int,System.IO.FileOptions)
  at System.IO.StreamReader..ctor (System.String path, System.Text.Encoding encoding, System.Boolean detectEncodingFromByteOrderMarks, System.Int32 bufferSize) [0x00055] in <6073cf49ed704e958b8a66d540dea948>:0 
  at System.IO.StreamReader..ctor (System.String path, System.Text.Encoding encoding, System.Boolean detectEncodingFromByteOrderMarks) [0x00000] in <6073cf49ed704e958b8a66d540dea948>:0 
  at (wrapper remoting-invoke-with-check) System.IO.StreamReader..ctor(string,System.Text.Encoding,bool)
  at System.IO.File.InternalReadAllText (System.String path, System.Text.Encoding encoding) [0x00000] in <6073cf49ed704e958b8a66d540dea948>:0 
  at System.IO.File.ReadAllText (System.String path, System.Text.Encoding encoding) [0x00034] in <6073cf49ed704e958b8a66d540dea948>:0 
  at UnityEditor.StateCache`1[T].GetState (UnityEngine.Hash128 key, T defaultValue) [0x00041] in <31b86d204baf45de8328f2d1261a79f7>:0 
UnityEngine.StackTraceUtility:ExtractStackTrace ()
UnityEngine.DebugLogHandler:LogFormat (UnityEngine.LogType,UnityEngine.Object,string,object[])
UnityEngine.Logger:Log (UnityEngine.LogType,object)
UnityEngine.Debug:LogError (object)
UnityEditor.StateCache`1<UnityEditor.Tools/LayerSettings>:GetState (UnityEngine.Hash128,UnityEditor.Tools/LayerSettings)
UnityEditor.Tools:OnEnable ()
UnityEngine.ScriptableObject:CreateInstance (System.Type)
UnityEngine.ScriptableObject:CreateInstance<UnityEditor.Tools> ()
UnityEditor.Tools:get_get ()
UnityEditor.Tools:get_visibleLayers ()
UnityEditor.Animations.Rigging.BoneRendererUtils:.cctor () (at Library/PackageCache/com.unity.animation.rigging@1.1.1/Editor/Utils/BoneRendererUtils.cs:121)
System.Runtime.CompilerServices.RuntimeHelpers:RunClassConstructor (System.RuntimeTypeHandle)
UnityEditor.EditorAssemblies:ProcessInitializeOnLoadAttributes (System.Type[])

(Filename: Library/PackageCache/com.unity.animation.rigging@1.1.1/Editor/Utils/BoneRendererUtils.cs Line: 121)

Mono: successfully reloaded assembly
- Completed reload, in  2.014 seconds
Domain Reload Profiling:
	ReloadAssembly (2015ms)
		BeginReloadAssembly (256ms)
			ExecutionOrderSort (0ms)
			DisableScriptedObjects (6ms)
			BackupInstance (0ms)
			ReleaseScriptingObjects (0ms)
			CreateAndSetChildDomain (39ms)
		EndReloadAssembly (1541ms)
			LoadAssemblies (235ms)
			RebuildTransferFunctionScriptingTraits (0ms)
			SetupTypeCache (349ms)
			ReleaseScriptCaches (2ms)
			RebuildScriptCaches (68ms)
			SetupLoadedEditorAssemblies (820ms)
				LogAssemblyErrors (0ms)
				InitializePlatformSupportModulesInManaged (50ms)
				SetLoadedEditorAssemblies (1ms)
				RefreshPlugins (1ms)
				BeforeProcessingInitializeOnLoad (193ms)
				ProcessInitializeOnLoadAttributes (495ms)
				ProcessInitializeOnLoadMethodAttributes (37ms)
				AfterProcessingInitializeOnLoad (43ms)
				EditorAssembliesLoaded (0ms)
			ExecutionOrderSort2 (0ms)
			AwakeInstancesAfterBackupRestoration (46ms)
Platform modules already initialized, skipping
Refreshing native plugins compatible for Editor in 10.73 ms, found 4 plugins.
Preloading 0 native plugins for Editor in 0.00 ms.
Unloading 3236 Unused Serialized files (Serialized files now loaded: 0)
Unloading 38 unused Assets / (1.7 MB). Loaded Objects now: 4335.
Memory consumption went from 152.6 MB to 150.9 MB.
Total: 4.060200 ms (FindLiveObjects: 0.356900 ms CreateObjectMapping: 0.189700 ms MarkObjects: 3.104000 ms  DeleteObjects: 0.408200 ms)

AssetImportParameters requested are different than current active one (requested -> active):
  custom:video-decoder-ogg-theora: a1e56fd34408186e4bbccfd4996cb3dc -> 
  custom:container-muxer-webm: aa71ff27fc2769a1b78a27578f13a17b -> 
  custom:container-demuxer-webm: 4f35f7cbe854078d1ac9338744f61a02 -> 
  custom:video-encoder-webm-vp8: eb34c28f22e8b96e1ab97ce403110664 -> 
  custom:audio-encoder-webm-vorbis: bf7c407c2cedff20999df2af8eb42d56 -> 
  custom:framework-win-MediaFoundation: 216162199b28c13a410421893ffa2e32 -> 
  custom:container-demuxer-ogg: 62fdf1f143b41e24485cea50d1cbac27 -> 
  custom:video-decoder-webm-vp8: 9c59270c3fd7afecdb556c50c9e8de78 -> 
  custom:audio-decoder-ogg-vorbis: bf7c407c2cedff20999df2af8eb42d56 -> 
========================================================================
Received Prepare
Registering precompiled user dll's ...
Registered in 0.019047 seconds.
Begin MonoManager ReloadAssembly
Native extension for UWP target not found
Native extension for WindowsStandalone target not found
Native extension for Android target not found
Refreshing native plugins compatible for Editor in 0.98 ms, found 4 plugins.
Preloading 0 native plugins for Editor in 0.00 ms.
Mono: successfully reloaded assembly
- Completed reload, in  1.909 seconds
Domain Reload Profiling:
	ReloadAssembly (1909ms)
		BeginReloadAssembly (240ms)
			ExecutionOrderSort (0ms)
			DisableScriptedObjects (5ms)
			BackupInstance (0ms)
			ReleaseScriptingObjects (0ms)
			CreateAndSetChildDomain (38ms)
		EndReloadAssembly (1485ms)
			LoadAssemblies (207ms)
			RebuildTransferFunctionScriptingTraits (0ms)
			SetupTypeCache (339ms)
			ReleaseScriptCaches (2ms)
			RebuildScriptCaches (63ms)
			SetupLoadedEditorAssemblies (808ms)
				LogAssemblyErrors (0ms)
				InitializePlatformSupportModulesInManaged (48ms)
				SetLoadedEditorAssemblies (1ms)
				RefreshPlugins (1ms)
				BeforeProcessingInitializeOnLoad (187ms)
				ProcessInitializeOnLoadAttributes (488ms)
				ProcessInitializeOnLoadMethodAttributes (40ms)
				AfterProcessingInitializeOnLoad (44ms)
				EditorAssembliesLoaded (0ms)
			ExecutionOrderSort2 (0ms)
			AwakeInstancesAfterBackupRestoration (47ms)
Platform modules already initialized, skipping
Refreshing native plugins compatible for Editor in 8.42 ms, found 4 plugins.
Preloading 0 native plugins for Editor in 0.00 ms.
Unloading 3236 Unused Serialized files (Serialized files now loaded: 0)
Unloading 38 unused Assets / (1.6 MB). Loaded Objects now: 4351.
Memory consumption went from 152.6 MB to 150.9 MB.
Total: 4.747700 ms (FindLiveObjects: 0.493100 ms CreateObjectMapping: 0.289500 ms MarkObjects: 3.264400 ms  DeleteObjects: 0.699200 ms)

AssetImportParameters requested are different than current active one (requested -> active):
  custom:video-decoder-ogg-theora: a1e56fd34408186e4bbccfd4996cb3dc -> 
  custom:container-muxer-webm: aa71ff27fc2769a1b78a27578f13a17b -> 
  custom:container-demuxer-webm: 4f35f7cbe854078d1ac9338744f61a02 -> 
  custom:video-encoder-webm-vp8: eb34c28f22e8b96e1ab97ce403110664 -> 
  custom:audio-encoder-webm-vorbis: bf7c407c2cedff20999df2af8eb42d56 -> 
  custom:framework-win-MediaFoundation: 216162199b28c13a410421893ffa2e32 -> 
  custom:container-demuxer-ogg: 62fdf1f143b41e24485cea50d1cbac27 -> 
  custom:video-decoder-webm-vp8: 9c59270c3fd7afecdb556c50c9e8de78 -> 
  custom:audio-decoder-ogg-vorbis: bf7c407c2cedff20999df2af8eb42d56 -> 
========================================================================
Received Prepare
Registering precompiled user dll's ...
Registered in 0.022202 seconds.
Begin MonoManager ReloadAssembly
Native extension for UWP target not found
Native extension for WindowsStandalone target not found
Native extension for Android target not found
Refreshing native plugins compatible for Editor in 0.81 ms, found 4 plugins.
Preloading 0 native plugins for Editor in 0.00 ms.
Error saving file Library/StateCache/LayerSettings/9e/9ecc5c3c162a7aba29bafa64c8b94b7c.json. Error: System.IO.IOException: Sharing violation on path C:\Users\maddy\Documents\Unity Projects\Art-of-Combat\Slider_Beat\Library\StateCache\LayerSettings\9e\9ecc5c3c162a7aba29bafa64c8b94b7c.json
  at System.IO.FileStream..ctor (System.String path, System.IO.FileMode mode, System.IO.FileAccess access, System.IO.FileShare share, System.Int32 bufferSize, System.Boolean anonymous, System.IO.FileOptions options) [0x0019e] in <6073cf49ed704e958b8a66d540dea948>:0 
  at System.IO.FileStream..ctor (System.String path, System.IO.FileMode mode, System.IO.FileAccess access, System.IO.FileShare share, System.Int32 bufferSize, System.IO.FileOptions options) [0x00000] in <6073cf49ed704e958b8a66d540dea948>:0 
  at (wrapper remoting-invoke-with-check) System.IO.FileStream..ctor(string,System.IO.FileMode,System.IO.FileAccess,System.IO.FileShare,int,System.IO.FileOptions)
  at System.IO.StreamWriter..ctor (System.String path, System.Boolean append, System.Text.Encoding encoding, System.Int32 bufferSize) [0x00055] in <6073cf49ed704e958b8a66d540dea948>:0 
  at System.IO.StreamWriter..ctor (System.String path, System.Boolean append, System.Text.Encoding encoding) [0x00000] in <6073cf49ed704e958b8a66d540dea948>:0 
  at (wrapper remoting-invoke-with-check) System.IO.StreamWriter..ctor(string,bool,System.Text.Encoding)
  at System.IO.File.WriteAllText (System.String path, System.String contents, System.Text.Encoding encoding) [0x00034] in <6073cf49ed704e958b8a66d540dea948>:0 
  at UnityEditor.StateCache`1[T].SetState (UnityEngine.Hash128 key, T obj) [0x0004b] in <31b86d204baf45de8328f2d1261a79f7>:0 
UnityEngine.StackTraceUtility:ExtractStackTrace ()
UnityEngine.DebugLogHandler:LogFormat (UnityEngine.LogType,UnityEngine.Object,string,object[])
UnityEngine.Logger:Log (UnityEngine.LogType,object)
UnityEngine.Debug:LogError (object)
UnityEditor.StateCache`1<UnityEditor.Tools/LayerSettings>:SetState (UnityEngine.Hash128,UnityEditor.Tools/LayerSettings)
UnityEditor.Tools:set_lockedLayers (int)
UnityEditor.Tools:OnEnable ()

Mono: successfully reloaded assembly
- Completed reload, in  1.941 seconds
Domain Reload Profiling:
	ReloadAssembly (1942ms)
		BeginReloadAssembly (257ms)
			ExecutionOrderSort (0ms)
			DisableScriptedObjects (6ms)
			BackupInstance (0ms)
			ReleaseScriptingObjects (0ms)
			CreateAndSetChildDomain (37ms)
		EndReloadAssembly (1494ms)
			LoadAssemblies (226ms)
			RebuildTransferFunctionScriptingTraits (0ms)
			SetupTypeCache (331ms)
			ReleaseScriptCaches (2ms)
			RebuildScriptCaches (68ms)
			SetupLoadedEditorAssemblies (793ms)
				LogAssemblyErrors (0ms)
				InitializePlatformSupportModulesInManaged (51ms)
				SetLoadedEditorAssemblies (1ms)
				RefreshPlugins (1ms)
				BeforeProcessingInitializeOnLoad (180ms)
				ProcessInitializeOnLoadAttributes (476ms)
				ProcessInitializeOnLoadMethodAttributes (40ms)
				AfterProcessingInitializeOnLoad (44ms)
				EditorAssembliesLoaded (0ms)
			ExecutionOrderSort2 (0ms)
			AwakeInstancesAfterBackupRestoration (61ms)
Platform modules already initialized, skipping
Refreshing native plugins compatible for Editor in 7.68 ms, found 4 plugins.
Preloading 0 native plugins for Editor in 0.00 ms.
Unloading 3236 Unused Serialized files (Serialized files now loaded: 0)
Unloading 38 unused Assets / (1.7 MB). Loaded Objects now: 4367.
Memory consumption went from 152.7 MB to 151.0 MB.
Total: 4.838200 ms (FindLiveObjects: 0.351400 ms CreateObjectMapping: 0.179000 ms MarkObjects: 3.374400 ms  DeleteObjects: 0.932100 ms)

AssetImportParameters requested are different than current active one (requested -> active):
  custom:video-decoder-ogg-theora: a1e56fd34408186e4bbccfd4996cb3dc -> 
  custom:container-muxer-webm: aa71ff27fc2769a1b78a27578f13a17b -> 
  custom:container-demuxer-webm: 4f35f7cbe854078d1ac9338744f61a02 -> 
  custom:video-encoder-webm-vp8: eb34c28f22e8b96e1ab97ce403110664 -> 
  custom:audio-encoder-webm-vorbis: bf7c407c2cedff20999df2af8eb42d56 -> 
  custom:framework-win-MediaFoundation: 216162199b28c13a410421893ffa2e32 -> 
  custom:container-demuxer-ogg: 62fdf1f143b41e24485cea50d1cbac27 -> 
  custom:video-decoder-webm-vp8: 9c59270c3fd7afecdb556c50c9e8de78 -> 
  custom:audio-decoder-ogg-vorbis: bf7c407c2cedff20999df2af8eb42d56 -> 
========================================================================
Received Import Request.
  Time since last request: 1761.307920 seconds.
  path: Assets/TextMesh Pro/Examples & Extras/Fonts/Bangers.ttf
  artifactKey: Guid(5dd49b3eacc540408c98eee0de38e0f1) Importer(815301076,1909f56bfc062723c751e8b465ee728b)
Start importing Assets/TextMesh Pro/Examples & Extras/Fonts/Bangers.ttf using Guid(5dd49b3eacc540408c98eee0de38e0f1) Importer(815301076,1909f56bfc062723c751e8b465ee728b)  -> (artifact id: '8143402d22029970b128b219e5fbb318') in 0.072675 seconds 
========================================================================
Received Import Request.
  Time since last request: 0.000017 seconds.
  path: Assets/TextMesh Pro/Examples & Extras/Fonts/Roboto-Bold.ttf
  artifactKey: Guid(4beb055f07aaff244873dec698d0363e) Importer(815301076,1909f56bfc062723c751e8b465ee728b)
Start importing Assets/TextMesh Pro/Examples & Extras/Fonts/Roboto-Bold.ttf using Guid(4beb055f07aaff244873dec698d0363e) Importer(815301076,1909f56bfc062723c751e8b465ee728b)  -> (artifact id: '556b69e757dbe8e2339a7e8575587732') in 0.026379 seconds 
========================================================================
Received Import Request.
  Time since last request: 0.000023 seconds.
  path: Assets/TextMesh Pro/Examples & Extras/Fonts/Electronic Highway Sign.TTF
  artifactKey: Guid(8a2b9e2a607dd2143b58c44bc32410b4) Importer(815301076,1909f56bfc062723c751e8b465ee728b)
Start importing Assets/TextMesh Pro/Examples & Extras/Fonts/Electronic Highway Sign.TTF using Guid(8a2b9e2a607dd2143b58c44bc32410b4) Importer(815301076,1909f56bfc062723c751e8b465ee728b)  -> (artifact id: '49bd709abaca415c72f16bab2f7c8abb') in 0.021293 seconds 
========================================================================
Received Prepare
Registering precompiled user dll's ...
Registered in 0.020386 seconds.
Begin MonoManager ReloadAssembly
Native extension for UWP target not found
Native extension for WindowsStandalone target not found
Native extension for Android target not found
Refreshing native plugins compatible for Editor in 0.74 ms, found 4 plugins.
Preloading 0 native plugins for Editor in 0.00 ms.
Error saving file Library/StateCache/LayerSettings/9e/9ecc5c3c162a7aba29bafa64c8b94b7c.json. Error: System.IO.IOException: Sharing violation on path C:\Users\maddy\Documents\Unity Projects\Art-of-Combat\Slider_Beat\Library\StateCache\LayerSettings\9e\9ecc5c3c162a7aba29bafa64c8b94b7c.json
  at System.IO.FileStream..ctor (System.String path, System.IO.FileMode mode, System.IO.FileAccess access, System.IO.FileShare share, System.Int32 bufferSize, System.Boolean anonymous, System.IO.FileOptions options) [0x0019e] in <6073cf49ed704e958b8a66d540dea948>:0 
  at System.IO.FileStream..ctor (System.String path, System.IO.FileMode mode, System.IO.FileAccess access, System.IO.FileShare share, System.Int32 bufferSize, System.IO.FileOptions options) [0x00000] in <6073cf49ed704e958b8a66d540dea948>:0 
  at (wrapper remoting-invoke-with-check) System.IO.FileStream..ctor(string,System.IO.FileMode,System.IO.FileAccess,System.IO.FileShare,int,System.IO.FileOptions)
  at System.IO.StreamWriter..ctor (System.String path, System.Boolean append, System.Text.Encoding encoding, System.Int32 bufferSize) [0x00055] in <6073cf49ed704e958b8a66d540dea948>:0 
  at System.IO.StreamWriter..ctor (System.String path, System.Boolean append, System.Text.Encoding encoding) [0x00000] in <6073cf49ed704e958b8a66d540dea948>:0 
  at (wrapper remoting-invoke-with-check) System.IO.StreamWriter..ctor(string,bool,System.Text.Encoding)
  at System.IO.File.WriteAllText (System.String path, System.String contents, System.Text.Encoding encoding) [0x00034] in <6073cf49ed704e958b8a66d540dea948>:0 
  at UnityEditor.StateCache`1[T].SetState (UnityEngine.Hash128 key, T obj) [0x0004b] in <31b86d204baf45de8328f2d1261a79f7>:0 
UnityEngine.StackTraceUtility:ExtractStackTrace ()
UnityEngine.DebugLogHandler:LogFormat (UnityEngine.LogType,UnityEngine.Object,string,object[])
UnityEngine.Logger:Log (UnityEngine.LogType,object)
UnityEngine.Debug:LogError (object)
UnityEditor.StateCache`1<UnityEditor.Tools/LayerSettings>:SetState (UnityEngine.Hash128,UnityEditor.Tools/LayerSettings)
UnityEditor.Tools:set_lockedLayers (int)
UnityEditor.Tools:OnEnable ()
UnityEngine.ScriptableObject:CreateInstance (System.Type)
UnityEngine.ScriptableObject:CreateInstance<UnityEditor.Tools> ()
UnityEditor.Tools:get_get ()
UnityEditor.Tools:get_visibleLayers ()
UnityEditor.Animations.Rigging.BoneRendererUtils:.cctor () (at Library/PackageCache/com.unity.animation.rigging@1.1.1/Editor/Utils/BoneRendererUtils.cs:121)
System.Runtime.CompilerServices.RuntimeHelpers:RunClassConstructor (System.RuntimeTypeHandle)
UnityEditor.EditorAssemblies:ProcessInitializeOnLoadAttributes (System.Type[])

(Filename: Library/PackageCache/com.unity.animation.rigging@1.1.1/Editor/Utils/BoneRendererUtils.cs Line: 121)

Mono: successfully reloaded assembly
- Completed reload, in  1.860 seconds
Domain Reload Profiling:
	ReloadAssembly (1860ms)
		BeginReloadAssembly (242ms)
			ExecutionOrderSort (0ms)
			DisableScriptedObjects (5ms)
			BackupInstance (0ms)
			ReleaseScriptingObjects (0ms)
			CreateAndSetChildDomain (40ms)
		EndReloadAssembly (1444ms)
			LoadAssemblies (208ms)
			RebuildTransferFunctionScriptingTraits (0ms)
			SetupTypeCache (328ms)
			ReleaseScriptCaches (2ms)
			RebuildScriptCaches (71ms)
			SetupLoadedEditorAssemblies (758ms)
				LogAssemblyErrors (0ms)
				InitializePlatformSupportModulesInManaged (48ms)
				SetLoadedEditorAssemblies (1ms)
				RefreshPlugins (1ms)
				BeforeProcessingInitializeOnLoad (173ms)
				ProcessInitializeOnLoadAttributes (455ms)
				ProcessInitializeOnLoadMethodAttributes (36ms)
				AfterProcessingInitializeOnLoad (44ms)
				EditorAssembliesLoaded (0ms)
			ExecutionOrderSort2 (0ms)
			AwakeInstancesAfterBackupRestoration (53ms)
Platform modules already initialized, skipping
Refreshing native plugins compatible for Editor in 6.51 ms, found 4 plugins.
Preloading 0 native plugins for Editor in 0.00 ms.
Unloading 3236 Unused Serialized files (Serialized files now loaded: 0)
Unloading 38 unused Assets / (1.7 MB). Loaded Objects now: 4383.
Memory consumption went from 152.7 MB to 151.0 MB.
Total: 3.898300 ms (FindLiveObjects: 0.380000 ms CreateObjectMapping: 0.228100 ms MarkObjects: 2.874700 ms  DeleteObjects: 0.413800 ms)

AssetImportParameters requested are different than current active one (requested -> active):
  custom:video-decoder-ogg-theora: a1e56fd34408186e4bbccfd4996cb3dc -> 
  custom:container-muxer-webm: aa71ff27fc2769a1b78a27578f13a17b -> 
  custom:container-demuxer-webm: 4f35f7cbe854078d1ac9338744f61a02 -> 
  custom:video-encoder-webm-vp8: eb34c28f22e8b96e1ab97ce403110664 -> 
  custom:audio-encoder-webm-vorbis: bf7c407c2cedff20999df2af8eb42d56 -> 
  custom:framework-win-MediaFoundation: 216162199b28c13a410421893ffa2e32 -> 
  custom:container-demuxer-ogg: 62fdf1f143b41e24485cea50d1cbac27 -> 
  custom:video-decoder-webm-vp8: 9c59270c3fd7afecdb556c50c9e8de78 -> 
  custom:audio-decoder-ogg-vorbis: bf7c407c2cedff20999df2af8eb42d56 -> 
